File,Function,LOC,SLOC-P,SLOC-L,MVG,BLOC,C&SLOC,CLOC,CWORD
E:\Users\Gregoire.PC-GREGOIRE\Documents\Programmation\Qt\MiniClipBoard\Sources\main.cpp,"main(int argc, char *argv[])",36,24,22,4,12,0,0,0,
E:\Users\Gregoire.PC-GREGOIRE\Documents\Programmation\Qt\MiniClipBoard\Sources\Cloud\cloud.cpp,Cloud::Cloud::Cloud(QObject *parent),8,8,8,0,0,0,0,0,
E:\Users\Gregoire.PC-GREGOIRE\Documents\Programmation\Qt\MiniClipBoard\Sources\Cloud\cloud.cpp,Cloud::getSupportedType(CloudTypes::Cloud_Platform platform),8,7,5,4,1,0,0,0,
E:\Users\Gregoire.PC-GREGOIRE\Documents\Programmation\Qt\MiniClipBoard\Sources\Cloud\cloud.cpp,Cloud::upload(const CloudTypes::CloudData &data),4,4,3,1,0,0,0,0,
E:\Users\Gregoire.PC-GREGOIRE\Documents\Programmation\Qt\MiniClipBoard\Sources\Cloud\cloudutils.cpp,CloudUtils::getValue(const QString &key),4,3,3,1,1,0,0,0,
E:\Users\Gregoire.PC-GREGOIRE\Documents\Programmation\Qt\MiniClipBoard\Sources\Cloud\cloudutils.cpp,"CloudUtils::setValue(const QString &group, const QString &key, const QString &value)",6,4,4,0,2,0,0,0,
E:\Users\Gregoire.PC-GREGOIRE\Documents\Programmation\Qt\MiniClipBoard\Sources\Cloud\cloudutils.cpp,CloudUtils::getPlatformName(CloudTypes::Cloud_Platform platform),6,5,4,3,1,0,0,0,
E:\Users\Gregoire.PC-GREGOIRE\Documents\Programmation\Qt\MiniClipBoard\Sources\Cloud\cloudutils.cpp,"CloudUtils::getFormatedResult(const QString &result, CloudTypes::Cloud_Platform platform)",6,5,4,3,1,0,0,0,
E:\Users\Gregoire.PC-GREGOIRE\Documents\Programmation\Qt\MiniClipBoard\Sources\Cloud\API\Pastebin\pastebin.cpp,Pastebin::Pastebin(QObject *parent),2,1,1,0,1,0,0,0,
E:\Users\Gregoire.PC-GREGOIRE\Documents\Programmation\Qt\MiniClipBoard\Sources\Cloud\API\Pastebin\pastebin.cpp,Pastebin::upload(const CloudTypes::CloudData &data),18,14,14,0,4,0,0,0,
E:\Users\Gregoire.PC-GREGOIRE\Documents\Programmation\Qt\MiniClipBoard\Sources\Cloud\API\Pastebin\pastebin.cpp,Pastebin::finished(),10,8,7,1,2,0,0,0,
E:\Users\Gregoire.PC-GREGOIRE\Documents\Programmation\Qt\MiniClipBoard\Sources\Cloud\API\Pastebin\pastebin.cpp,Pastebin::_error(),2,2,2,0,0,0,0,0,
E:\Users\Gregoire.PC-GREGOIRE\Documents\Programmation\Qt\MiniClipBoard\Sources\Cloud\API\Pastebin\pastebin.cpp,Pastebin::dataToText(const Core::ClipboardData &data),20,19,17,8,1,0,0,0,
E:\Users\Gregoire.PC-GREGOIRE\Documents\Programmation\Qt\MiniClipBoard\Sources\Cloud\API\Pastebin\pastebin.cpp,Pastebin::pastebinKeySeemsvalid(const QString &key),8,7,5,4,1,0,0,0,
E:\Users\Gregoire.PC-GREGOIRE\Documents\Programmation\Qt\MiniClipBoard\Sources\Core\BookmarkManager\bookmarkmanager.cpp,BookmarkManager::BookmarkManager(QObject *parent),2,1,1,0,1,0,0,0,
E:\Users\Gregoire.PC-GREGOIRE\Documents\Programmation\Qt\MiniClipBoard\Sources\Core\BookmarkManager\bookmarkmanager.cpp,"BookmarkManager::saveDataToFile(const QByteArray &data, const QUuid &uuid)",11,8,7,3,3,0,0,0,
E:\Users\Gregoire.PC-GREGOIRE\Documents\Programmation\Qt\MiniClipBoard\Sources\Core\BookmarkManager\bookmarkmanager.cpp,BookmarkManager::getDataFromFile(const QUuid &uuid),9,7,6,3,2,0,0,0,
E:\Users\Gregoire.PC-GREGOIRE\Documents\Programmation\Qt\MiniClipBoard\Sources\Core\BookmarkManager\bookmarkmanager.cpp,BookmarkManager::removeFile(const QUuid &uuid),4,4,4,1,0,0,0,0,
E:\Users\Gregoire.PC-GREGOIRE\Documents\Programmation\Qt\MiniClipBoard\Sources\Core\BookmarkManager\bookmarkmanager.cpp,BookmarkManager::getUuids(),12,9,7,3,3,0,0,0,
E:\Users\Gregoire.PC-GREGOIRE\Documents\Programmation\Qt\MiniClipBoard\Sources\Core\BookmarkManager\bookmarkmanager.cpp,BookmarkManager::dir() const,2,2,2,1,0,0,0,0,
E:\Users\Gregoire.PC-GREGOIRE\Documents\Programmation\Qt\MiniClipBoard\Sources\Core\BookmarkManager\bookmarkmanager.cpp,BookmarkManager::setDir(const QDir &dir),2,2,2,0,0,0,0,0,
E:\Users\Gregoire.PC-GREGOIRE\Documents\Programmation\Qt\MiniClipBoard\Sources\Core\BookmarkManager\bookmarkmanager.cpp,BookmarkManager::exportBookmarks(const QDir &exportDir),18,16,7,3,2,0,0,0,
E:\Users\Gregoire.PC-GREGOIRE\Documents\Programmation\Qt\MiniClipBoard\Sources\Core\BookmarkManager\bookmarkmanager.cpp,BookmarkManager::importBookmarks(const QDir &importDir),27,25,13,5,2,0,0,0,
E:\Users\Gregoire.PC-GREGOIRE\Documents\Programmation\Qt\MiniClipBoard\Sources\Core\Core\core.cpp,Core::QMimeDataToClipboardData(const QMimeData *mime),23,21,20,3,2,0,0,0,
E:\Users\Gregoire.PC-GREGOIRE\Documents\Programmation\Qt\MiniClipBoard\Sources\Core\Core\core.cpp,Core::clearClipboardData(ClipboardData &data),7,7,7,0,0,0,0,0,
E:\Users\Gregoire.PC-GREGOIRE\Documents\Programmation\Qt\MiniClipBoard\Sources\Core\Core\core.cpp,"Core::reinterpretData(ClipboardData &data, MimeType type)",12,11,10,1,1,0,0,0,
E:\Users\Gregoire.PC-GREGOIRE\Documents\Programmation\Qt\MiniClipBoard\Sources\Core\Core\core.cpp,Core::isTextAnUrl(const QString &text),11,2,2,1,2,0,7,13,
E:\Users\Gregoire.PC-GREGOIRE\Documents\Programmation\Qt\MiniClipBoard\Sources\Core\Core\core.cpp,"Core::autoReinterpretData(ClipboardData &data, const int &reinterpretFlags)",14,13,7,4,1,0,0,0,
E:\Users\Gregoire.PC-GREGOIRE\Documents\Programmation\Qt\MiniClipBoard\Sources\Core\Core\core.cpp,Core::clipboardDataToByteArray(const ClipboardData &data),8,6,6,1,2,0,0,0,
E:\Users\Gregoire.PC-GREGOIRE\Documents\Programmation\Qt\MiniClipBoard\Sources\Core\Core\core.cpp,"Core::byteArrayToClipboardData(const QByteArray &array, QDateTime &dateTime, QString &userName)",19,12,11,3,7,0,0,0,
E:\Users\Gregoire.PC-GREGOIRE\Documents\Programmation\Qt\MiniClipBoard\Sources\Core\Core\core.cpp,Core::reorderBookmarks(const Core::Bookmarks &bookmarks),21,16,13,4,5,0,0,0,
E:\Users\Gregoire.PC-GREGOIRE\Documents\Programmation\Qt\MiniClipBoard\Sources\Core\Core\core.cpp,Core::saveData(const Core::ClipboardData &data),71,69,45,20,2,0,0,0,
E:\Users\Gregoire.PC-GREGOIRE\Documents\Programmation\Qt\MiniClipBoard\Sources\Core\Core\core.cpp,Core::supportedFiles(),10,10,11,1,0,0,0,0,
E:\Users\Gregoire.PC-GREGOIRE\Documents\Programmation\Qt\MiniClipBoard\Sources\Core\Core\core.cpp,Core::isFileSupported(const QUrl &url),2,2,2,1,0,0,0,0,
E:\Users\Gregoire.PC-GREGOIRE\Documents\Programmation\Qt\MiniClipBoard\Sources\Core\Core\core.cpp,Core::getFileType(const QUrl &url),6,6,5,3,0,0,0,0,
E:\Users\Gregoire.PC-GREGOIRE\Documents\Programmation\Qt\MiniClipBoard\Sources\Core\ExcludedProcessesManager\excludedprocessesmanager.cpp,"ExcludedProcessesManager::ExcludedProcessesManager(QString fileName, QObject *parent)",2,1,1,0,1,0,0,0,
E:\Users\Gregoire.PC-GREGOIRE\Documents\Programmation\Qt\MiniClipBoard\Sources\Core\ExcludedProcessesManager\excludedprocessesmanager.cpp,ExcludedProcessesManager::checkProcessName(const QString &procName),8,7,5,4,1,0,0,0,
E:\Users\Gregoire.PC-GREGOIRE\Documents\Programmation\Qt\MiniClipBoard\Sources\Core\ExcludedProcessesManager\excludedprocessesmanager.cpp,ExcludedProcessesManager::loadFromFile(),13,9,8,3,4,0,0,0,
E:\Users\Gregoire.PC-GREGOIRE\Documents\Programmation\Qt\MiniClipBoard\Sources\Core\ExcludedProcessesManager\excludedprocessesmanager.cpp,ExcludedProcessesManager::saveToFile(),13,9,8,3,4,0,0,0,
E:\Users\Gregoire.PC-GREGOIRE\Documents\Programmation\Qt\MiniClipBoard\Sources\Core\ExcludedProcessesManager\excludedprocessesmanager.cpp,ExcludedProcessesManager::fromStringList(const QStringList &list),6,5,4,1,1,0,0,0,
E:\Users\Gregoire.PC-GREGOIRE\Documents\Programmation\Qt\MiniClipBoard\Sources\Core\ExcludedProcessesManager\excludedprocessesmanager.cpp,ExcludedProcessesManager::fileName() const,2,2,2,1,0,0,0,0,
E:\Users\Gregoire.PC-GREGOIRE\Documents\Programmation\Qt\MiniClipBoard\Sources\Core\ExcludedProcessesManager\excludedprocessesmanager.cpp,ExcludedProcessesManager::setFileName(const QString &fileName),2,2,2,0,0,0,0,0,
E:\Users\Gregoire.PC-GREGOIRE\Documents\Programmation\Qt\MiniClipBoard\Sources\Core\ExcludedProcessesManager\excludedprocessesmanager.cpp,ExcludedProcessesManager::toStringList(),8,6,5,2,2,0,0,0,
E:\Users\Gregoire.PC-GREGOIRE\Documents\Programmation\Qt\MiniClipBoard\Sources\Core\ExcludedProcessesManager\excludedprocessesmanager.cpp,ExcludedProcessesManager::regExps() const,2,2,2,1,0,0,0,0,
E:\Users\Gregoire.PC-GREGOIRE\Documents\Programmation\Qt\MiniClipBoard\Sources\Core\ExcludedProcessesManager\excludedprocessesmanager.cpp,ExcludedProcessesManager::setRegExps(const QList<QRegExp> &regExps),2,2,2,0,0,0,0,0,
E:\Users\Gregoire.PC-GREGOIRE\Documents\Programmation\Qt\MiniClipBoard\Sources\Core\HotKeysManager\hotkeysmanager.cpp,HotKeysManager::HotKeysManager(QObject *parent),2,2,2,0,0,0,0,0,
E:\Users\Gregoire.PC-GREGOIRE\Documents\Programmation\Qt\MiniClipBoard\Sources\Core\HotKeysManager\hotkeysmanager.cpp,HotKeysManager::init(),22,21,15,6,1,0,0,0,
E:\Users\Gregoire.PC-GREGOIRE\Documents\Programmation\Qt\MiniClipBoard\Sources\Core\HotKeysManager\hotkeysmanager.cpp,"HotKeysManager::registerHotKey(const HotKeysAction &action, const QString sequence)",6,3,3,0,2,0,1,1,
E:\Users\Gregoire.PC-GREGOIRE\Documents\Programmation\Qt\MiniClipBoard\Sources\Core\HotKeysManager\hotkeysmanager.cpp,"HotKeysManager::registerHotKeys(const QMap<size_t, QString> sequences)",7,6,5,1,1,0,0,0,
E:\Users\Gregoire.PC-GREGOIRE\Documents\Programmation\Qt\MiniClipBoard\Sources\Core\HotKeysManager\hotkeysmanager.cpp,HotKeysManager::unregisterAll(),2,2,2,0,0,0,0,0,
E:\Users\Gregoire.PC-GREGOIRE\Documents\Programmation\Qt\MiniClipBoard\Sources\Core\HotKeysManager\hotkeysmanager.cpp,HotKeysManager::sequences() const,2,2,2,1,0,0,0,0,
E:\Users\Gregoire.PC-GREGOIRE\Documents\Programmation\Qt\MiniClipBoard\Sources\Core\HotKeysManager\hotkeysutils.cpp,HotKeysUtils::loadSequences(const QString &fileName),13,9,8,2,4,0,0,0,
E:\Users\Gregoire.PC-GREGOIRE\Documents\Programmation\Qt\MiniClipBoard\Sources\Core\HotKeysManager\hotkeysutils.cpp,"HotKeysUtils::saveSequences(const QMap<size_t, QString> &sequences, const QString &fileName)",9,7,6,1,2,0,0,0,
E:\Users\Gregoire.PC-GREGOIRE\Documents\Programmation\Qt\MiniClipBoard\Sources\Core\HotKeysManager\hotkeysutils.cpp,HotKeysUtils::fillDefaultSequences(HotKeysManager *manager),5,5,5,0,0,0,0,0,
E:\Users\Gregoire.PC-GREGOIRE\Documents\Programmation\Qt\MiniClipBoard\Sources\Core\HotKeysManager\hotkeysutils.cpp,HotKeysUtils::fileName(),2,2,2,1,0,0,0,0,
E:\Users\Gregoire.PC-GREGOIRE\Documents\Programmation\Qt\MiniClipBoard\Sources\Core\PrintManager\printmanager.cpp,"PrintManager::PrintManager(Core::ClipboardData *data, QObject *parent)",1,1,1,0,0,0,0,0,
E:\Users\Gregoire.PC-GREGOIRE\Documents\Programmation\Qt\MiniClipBoard\Sources\Core\PrintManager\printmanager.cpp,PrintManager::setData(Core::ClipboardData *p_data),2,2,2,0,0,0,0,0,
E:\Users\Gregoire.PC-GREGOIRE\Documents\Programmation\Qt\MiniClipBoard\Sources\Core\PrintManager\printmanager.cpp,PrintManager::print(QWidget *dialogParent),17,12,10,2,5,0,0,0,
E:\Users\Gregoire.PC-GREGOIRE\Documents\Programmation\Qt\MiniClipBoard\Sources\Core\PrintManager\printmanager.cpp,PrintManager::generatePrint(QPrinter &printer),24,24,16,8,0,0,0,0,
E:\Users\Gregoire.PC-GREGOIRE\Documents\Programmation\Qt\MiniClipBoard\Sources\Core\PrintManager\printmanager.cpp,PrintManager::printText(QPrinter &printer),4,4,4,0,0,0,0,0,
E:\Users\Gregoire.PC-GREGOIRE\Documents\Programmation\Qt\MiniClipBoard\Sources\Core\PrintManager\printmanager.cpp,PrintManager::printHtml(QPrinter &printer),2,2,2,0,0,0,0,0,
E:\Users\Gregoire.PC-GREGOIRE\Documents\Programmation\Qt\MiniClipBoard\Sources\Core\PrintManager\printmanager.cpp,PrintManager::printImage(QPrinter &printer),8,5,5,0,3,0,0,0,
E:\Users\Gregoire.PC-GREGOIRE\Documents\Programmation\Qt\MiniClipBoard\Sources\Core\PrintManager\printmanager.cpp,PrintManager::printUrls(QPrinter &printer),11,8,7,1,3,0,0,0,
E:\Users\Gregoire.PC-GREGOIRE\Documents\Programmation\Qt\MiniClipBoard\Sources\Core\PrintManager\printmanager.cpp,PrintManager::printColor(QPrinter &printer),59,43,43,0,16,0,0,0,
E:\Users\Gregoire.PC-GREGOIRE\Documents\Programmation\Qt\MiniClipBoard\Sources\Core\PrintManager\printmanager.cpp,"PrintManager::printRawHtml(QPrinter &printer, const QString &html, int fontSize)",30,22,18,3,8,0,0,0,
E:\Users\Gregoire.PC-GREGOIRE\Documents\Programmation\Qt\MiniClipBoard\Sources\Core\ProcessUtils\processutils.cpp,ProcessUtils::processUtilsAvailable(),2,2,2,1,0,0,0,0,
E:\Users\Gregoire.PC-GREGOIRE\Documents\Programmation\Qt\MiniClipBoard\Sources\Core\ProcessUtils\processutils.cpp,ProcessUtils::getProcessPathFromActiveWindow(),2,2,2,1,0,0,0,0,
E:\Users\Gregoire.PC-GREGOIRE\Documents\Programmation\Qt\MiniClipBoard\Sources\Core\ProcessUtils\processutils.cpp,ProcessUtils::getActiveWindowTitle(),2,2,2,1,0,0,0,0,
E:\Users\Gregoire.PC-GREGOIRE\Documents\Programmation\Qt\MiniClipBoard\Sources\Core\ProcessUtils\API\DefaultProcUtilsAPI\defaultprocutilsapi.cpp,API_available(),2,2,2,1,0,0,0,0,
E:\Users\Gregoire.PC-GREGOIRE\Documents\Programmation\Qt\MiniClipBoard\Sources\Core\ProcessUtils\API\DefaultProcUtilsAPI\defaultprocutilsapi.cpp,API_getProcessPathFromActiveWindow(),2,2,2,1,0,0,0,0,
E:\Users\Gregoire.PC-GREGOIRE\Documents\Programmation\Qt\MiniClipBoard\Sources\Core\ProcessUtils\API\DefaultProcUtilsAPI\defaultprocutilsapi.cpp,API_getActiveWindowTitle(),2,2,2,1,0,0,0,0,
E:\Users\Gregoire.PC-GREGOIRE\Documents\Programmation\Qt\MiniClipBoard\Sources\Core\ProcessUtils\API\WIN32\win32.cpp,API_available(),2,2,2,1,0,0,0,0,
E:\Users\Gregoire.PC-GREGOIRE\Documents\Programmation\Qt\MiniClipBoard\Sources\Core\ProcessUtils\API\WIN32\win32.cpp,API_getProcessPathFromActiveWindow(),33,26,16,7,7,0,0,0,
E:\Users\Gregoire.PC-GREGOIRE\Documents\Programmation\Qt\MiniClipBoard\Sources\Core\ProcessUtils\API\WIN32\win32.cpp,API_getActiveWindowTitle(),10,8,7,3,2,0,0,0,
E:\Users\Gregoire.PC-GREGOIRE\Documents\Programmation\Qt\MiniClipBoard\Sources\Core\SettingsManager\settingsmanager.cpp,SettingsManager::SettingsManager(),12,12,12,0,0,0,0,0,
E:\Users\Gregoire.PC-GREGOIRE\Documents\Programmation\Qt\MiniClipBoard\Sources\Core\SettingsManager\settingsmanager.cpp,SettingsManager::settings(),2,2,2,1,0,0,0,0,
E:\Users\Gregoire.PC-GREGOIRE\Documents\Programmation\Qt\MiniClipBoard\Sources\Core\SettingsManager\settingsmanager.cpp,SettingsManager::setSettings(const Core::Settings &settings),2,2,2,0,0,0,0,0,
E:\Users\Gregoire.PC-GREGOIRE\Documents\Programmation\Qt\MiniClipBoard\Sources\Core\SettingsManager\settingsmanager.cpp,SettingsManager::filename() const,2,2,2,1,0,0,0,0,
E:\Users\Gregoire.PC-GREGOIRE\Documents\Programmation\Qt\MiniClipBoard\Sources\Core\SettingsManager\settingsmanager.cpp,SettingsManager::setFilename(const QString &filename),2,2,2,0,0,0,0,0,
E:\Users\Gregoire.PC-GREGOIRE\Documents\Programmation\Qt\MiniClipBoard\Sources\Core\SettingsManager\settingsmanager.cpp,SettingsManager::lang(),6,5,4,3,1,0,0,0,
E:\Users\Gregoire.PC-GREGOIRE\Documents\Programmation\Qt\MiniClipBoard\Sources\Core\SettingsManager\settingsmanager.cpp,SettingsManager::availableLanguages(const QString &dirName),13,10,8,3,3,0,0,0,
E:\Users\Gregoire.PC-GREGOIRE\Documents\Programmation\Qt\MiniClipBoard\Sources\Core\SettingsManager\settingsmanager.cpp,SettingsManager::load(),17,13,13,0,4,0,0,0,
E:\Users\Gregoire.PC-GREGOIRE\Documents\Programmation\Qt\MiniClipBoard\Sources\Core\SettingsManager\settingsmanager.cpp,SettingsManager::save(),24,20,20,0,4,0,0,0,
E:\Users\Gregoire.PC-GREGOIRE\Documents\Programmation\Qt\MiniClipBoard\Sources\Core\ThreadLoader\threadloader.cpp,"ThreadLoader::ThreadLoader(BookmarkManager *manager, QObject *parent)",2,1,1,0,1,0,0,0,
E:\Users\Gregoire.PC-GREGOIRE\Documents\Programmation\Qt\MiniClipBoard\Sources\Core\ThreadLoader\threadloader.cpp,ThreadLoader::bookmarks() const,2,2,2,1,0,0,0,0,
E:\Users\Gregoire.PC-GREGOIRE\Documents\Programmation\Qt\MiniClipBoard\Sources\Core\ThreadLoader\threadloader.cpp,ThreadLoader::run(),16,12,11,1,4,0,0,0,
E:\Users\Gregoire.PC-GREGOIRE\Documents\Programmation\Qt\MiniClipBoard\Sources\Core\UniqueProcessChecker\uniqueprocesschecker.cpp,UniqueProcessChecker::UniqueProcessChecker(QObject *parent),2,1,1,0,1,0,0,0,
E:\Users\Gregoire.PC-GREGOIRE\Documents\Programmation\Qt\MiniClipBoard\Sources\Core\UniqueProcessChecker\uniqueprocesschecker.cpp,UniqueProcessChecker::makeUnique(QObject *parent),8,5,5,1,3,0,0,0,
E:\Users\Gregoire.PC-GREGOIRE\Documents\Programmation\Qt\MiniClipBoard\Sources\Core\UniqueProcessChecker\uniqueprocesschecker.cpp,UniqueProcessChecker::isUnique(QObject *parent),8,5,5,1,3,0,0,0,
E:\Users\Gregoire.PC-GREGOIRE\Documents\Programmation\Qt\MiniClipBoard\Sources\Core\UniqueProcessChecker\uniqueprocesschecker.cpp,UniqueProcessChecker::key(),2,2,2,1,0,0,0,0,
E:\Users\Gregoire.PC-GREGOIRE\Documents\Programmation\Qt\MiniClipBoard\Sources\Core\Updater\updater.cpp,Updater::Updater(),3,3,3,0,0,0,0,0,
E:\Users\Gregoire.PC-GREGOIRE\Documents\Programmation\Qt\MiniClipBoard\Sources\Core\Updater\updater.cpp,Updater::checkForUpdates(Mode mode),10,7,7,0,3,0,0,0,
E:\Users\Gregoire.PC-GREGOIRE\Documents\Programmation\Qt\MiniClipBoard\Sources\Core\Updater\updater.cpp,Updater::downloadNewVersion(),9,7,7,0,2,0,0,0,
E:\Users\Gregoire.PC-GREGOIRE\Documents\Programmation\Qt\MiniClipBoard\Sources\Core\Updater\updater.cpp,Updater::versionsURL(),3,2,2,1,0,0,1,2,
E:\Users\Gregoire.PC-GREGOIRE\Documents\Programmation\Qt\MiniClipBoard\Sources\Core\Updater\updater.cpp,Updater::downloadCheckFinished(),14,9,8,1,5,0,0,0,
E:\Users\Gregoire.PC-GREGOIRE\Documents\Programmation\Qt\MiniClipBoard\Sources\Core\Updater\updater.cpp,Updater::downloadInstallerFinished(),6,4,4,0,2,0,0,0,
E:\Users\Gregoire.PC-GREGOIRE\Documents\Programmation\Qt\MiniClipBoard\Sources\Core\Updater\updater.cpp,Updater::cancel(),5,4,4,0,1,0,0,0,
E:\Users\Gregoire.PC-GREGOIRE\Documents\Programmation\Qt\MiniClipBoard\Sources\Core\Updater\updater.cpp,Updater::err(),5,4,4,0,1,0,0,0,
E:\Users\Gregoire.PC-GREGOIRE\Documents\Programmation\Qt\MiniClipBoard\Sources\Core\Updater\updater.cpp,Updater::getMode() const,2,2,2,1,0,0,0,0,
E:\Users\Gregoire.PC-GREGOIRE\Documents\Programmation\Qt\MiniClipBoard\Sources\Core\Updater\updater.cpp,Updater::isCodeValid(int code),6,5,4,3,1,0,0,0,
E:\Users\Gregoire.PC-GREGOIRE\Documents\Programmation\Qt\MiniClipBoard\Sources\Core\Updater\updater.cpp,Updater::getLastVersion() const,2,2,2,1,0,0,0,0,
E:\Users\Gregoire.PC-GREGOIRE\Documents\Programmation\Qt\MiniClipBoard\Sources\Core\Updater\updater.cpp,Updater::getDataInstaller() const,2,2,2,1,0,0,0,0,
E:\Users\Gregoire.PC-GREGOIRE\Documents\Programmation\Qt\MiniClipBoard\Sources\Core\Updater\updater.cpp,Updater::extractVersions(QString xml),18,15,11,4,3,0,0,0,
E:\Users\Gregoire.PC-GREGOIRE\Documents\Programmation\Qt\MiniClipBoard\Sources\Core\Updater\updater.cpp,Updater::extractLastVersion(),21,16,12,5,5,0,0,0,
E:\Users\Gregoire.PC-GREGOIRE\Documents\Programmation\Qt\MiniClipBoard\Sources\Core\Updater\updater.cpp,Updater::checkIfAppIsLastVersion(const Version &version),9,7,6,2,2,0,0,0,
E:\Users\Gregoire.PC-GREGOIRE\Documents\Programmation\Qt\MiniClipBoard\Sources\Core\Updater\UpdaterUtils\updaterutils.cpp,UpdaterUtils::UpdaterUtils(QObject *parent),49,38,35,1,11,0,0,0,
E:\Users\Gregoire.PC-GREGOIRE\Documents\Programmation\Qt\MiniClipBoard\Sources\Core\Updater\UpdaterUtils\updaterutils.cpp,UpdaterUtils::checkForUpdates(Updater::Mode mode),2,2,2,0,0,0,0,0,
E:\Users\Gregoire.PC-GREGOIRE\Documents\Programmation\Qt\MiniClipBoard\Sources\Core\Updater\UpdaterUtils\updaterutils.cpp,"UpdaterUtils::updaterFinishedCheck(QString version, QString changelog, bool isAppLastVersion)",28,21,15,3,7,0,0,0,
E:\Users\Gregoire.PC-GREGOIRE\Documents\Programmation\Qt\MiniClipBoard\Sources\Core\Updater\UpdaterUtils\updaterutils.cpp,UpdaterUtils::updaterDownloadFinished(),14,11,7,1,3,0,0,0,
E:\Users\Gregoire.PC-GREGOIRE\Documents\Programmation\Qt\MiniClipBoard\Sources\Core\Updater\UpdaterUtils\updaterutils.cpp,UpdaterUtils::dir() const,2,2,2,1,0,0,0,0,
E:\Users\Gregoire.PC-GREGOIRE\Documents\Programmation\Qt\MiniClipBoard\Sources\Core\Updater\UpdaterUtils\updaterutils.cpp,UpdaterUtils::setDir(const QDir &dir),2,2,2,0,0,0,0,0,
E:\Users\Gregoire.PC-GREGOIRE\Documents\Programmation\Qt\MiniClipBoard\Sources\Libs\UGlobalHotkey\Sources\release\moc_uglobalhotkeys.cpp,"UGlobalHotkeys::qt_static_metacall(QObject *_o, QMetaObject::Call _c, int _id, void **_a)",18,18,13,3,0,0,0,0,
E:\Users\Gregoire.PC-GREGOIRE\Documents\Programmation\Qt\MiniClipBoard\Sources\Libs\UGlobalHotkey\Sources\release\moc_uglobalhotkeys.cpp,UGlobalHotkeys::metaObject() const,2,2,2,1,0,0,0,0,
E:\Users\Gregoire.PC-GREGOIRE\Documents\Programmation\Qt\MiniClipBoard\Sources\Libs\UGlobalHotkey\Sources\release\moc_uglobalhotkeys.cpp,UGlobalHotkeys::qt_metacast(const char *_clname),5,5,4,4,0,0,0,0,
E:\Users\Gregoire.PC-GREGOIRE\Documents\Programmation\Qt\MiniClipBoard\Sources\Libs\UGlobalHotkey\Sources\release\moc_uglobalhotkeys.cpp,"UGlobalHotkeys::qt_metacall(QMetaObject::Call _c, int _id, void **_a)",14,14,10,6,0,0,0,0,
E:\Users\Gregoire.PC-GREGOIRE\Documents\Programmation\Qt\MiniClipBoard\Sources\Libs\UGlobalHotkey\Sources\release\moc_uglobalhotkeys.cpp,UGlobalHotkeys::activated(size_t _t1),3,3,4,0,0,0,0,0,
E:\Users\Gregoire.PC-GREGOIRE\Documents\Programmation\Qt\MiniClipBoard\Sources\Libs\UGlobalHotkey\Sources\release\moc_ukeysequence.cpp,"UKeySequence::qt_static_metacall(QObject *_o, QMetaObject::Call _c, int _id, void **_a)",5,5,5,0,0,0,0,0,
E:\Users\Gregoire.PC-GREGOIRE\Documents\Programmation\Qt\MiniClipBoard\Sources\Libs\UGlobalHotkey\Sources\release\moc_ukeysequence.cpp,UKeySequence::metaObject() const,2,2,2,1,0,0,0,0,
E:\Users\Gregoire.PC-GREGOIRE\Documents\Programmation\Qt\MiniClipBoard\Sources\Libs\UGlobalHotkey\Sources\release\moc_ukeysequence.cpp,UKeySequence::qt_metacast(const char *_clname),5,5,4,4,0,0,0,0,
E:\Users\Gregoire.PC-GREGOIRE\Documents\Programmation\Qt\MiniClipBoard\Sources\Libs\UGlobalHotkey\Sources\release\moc_ukeysequence.cpp,"UKeySequence::qt_metacall(QMetaObject::Call _c, int _id, void **_a)",3,3,3,1,0,0,0,0,
E:\Users\Gregoire.PC-GREGOIRE\Documents\Programmation\Qt\MiniClipBoard\Sources\UI\Browser\browser.cpp,Browser::Browser(QWidget *parent),58,50,50,0,8,0,0,0,
E:\Users\Gregoire.PC-GREGOIRE\Documents\Programmation\Qt\MiniClipBoard\Sources\UI\Browser\browser.cpp,Browser::~Browser(),2,2,2,0,0,0,0,0,
E:\Users\Gregoire.PC-GREGOIRE\Documents\Programmation\Qt\MiniClipBoard\Sources\UI\Browser\browser.cpp,Browser::setUrl(const QUrl &url),2,2,2,0,0,0,0,0,
E:\Users\Gregoire.PC-GREGOIRE\Documents\Programmation\Qt\MiniClipBoard\Sources\UI\Browser\browser.cpp,Browser::cleanClose(),5,5,4,1,0,0,0,0,
E:\Users\Gregoire.PC-GREGOIRE\Documents\Programmation\Qt\MiniClipBoard\Sources\UI\Browser\browser.cpp,Browser::controls() const,2,2,2,1,0,0,0,0,
E:\Users\Gregoire.PC-GREGOIRE\Documents\Programmation\Qt\MiniClipBoard\Sources\UI\Browser\browser.cpp,Browser::setControls(int flags),3,3,3,0,0,0,0,0,
E:\Users\Gregoire.PC-GREGOIRE\Documents\Programmation\Qt\MiniClipBoard\Sources\UI\Browser\browser.cpp,Browser::closeEvent(QCloseEvent *event),4,3,3,0,1,0,0,0,
E:\Users\Gregoire.PC-GREGOIRE\Documents\Programmation\Qt\MiniClipBoard\Sources\UI\Browser\iconwidget.cpp,IconWidget::IconWidget(QWidget *parent),3,3,3,0,0,0,0,0,
E:\Users\Gregoire.PC-GREGOIRE\Documents\Programmation\Qt\MiniClipBoard\Sources\UI\Browser\iconwidget.cpp,IconWidget::mouseReleaseEvent(QMouseEvent *event),4,3,2,0,1,0,0,0,
E:\Users\Gregoire.PC-GREGOIRE\Documents\Programmation\Qt\MiniClipBoard\Sources\UI\Browser\navbar.cpp,NavBar::NavBar(QWidget *parent),61,47,46,1,14,0,0,0,
E:\Users\Gregoire.PC-GREGOIRE\Documents\Programmation\Qt\MiniClipBoard\Sources\UI\Browser\navbar.cpp,NavBar::~NavBar(),2,2,2,0,0,0,0,0,
E:\Users\Gregoire.PC-GREGOIRE\Documents\Programmation\Qt\MiniClipBoard\Sources\UI\Browser\navbar.cpp,NavBar::setUrl(const QUrl &url),3,3,3,0,0,0,0,0,
E:\Users\Gregoire.PC-GREGOIRE\Documents\Programmation\Qt\MiniClipBoard\Sources\UI\Browser\navbar.cpp,NavBar::setIcon(const QIcon &icon),6,6,5,1,0,0,0,0,
E:\Users\Gregoire.PC-GREGOIRE\Documents\Programmation\Qt\MiniClipBoard\Sources\UI\Browser\navbar.cpp,NavBar::setTitle(const QString &title),4,4,4,0,0,0,0,0,
E:\Users\Gregoire.PC-GREGOIRE\Documents\Programmation\Qt\MiniClipBoard\Sources\UI\Browser\navbar.cpp,NavBar::setLoading(),3,3,3,0,0,0,0,0,
E:\Users\Gregoire.PC-GREGOIRE\Documents\Programmation\Qt\MiniClipBoard\Sources\UI\Browser\navbar.cpp,NavBar::enableBack(bool enabled),2,2,2,0,0,0,0,0,
E:\Users\Gregoire.PC-GREGOIRE\Documents\Programmation\Qt\MiniClipBoard\Sources\UI\Browser\navbar.cpp,NavBar::enableForward(bool enabled),2,2,2,0,0,0,0,0,
E:\Users\Gregoire.PC-GREGOIRE\Documents\Programmation\Qt\MiniClipBoard\Sources\UI\Browser\navbar.cpp,NavBar::showDetails(),2,2,2,0,0,0,0,0,
E:\Users\Gregoire.PC-GREGOIRE\Documents\Programmation\Qt\MiniClipBoard\Sources\UI\Browser\navbar.cpp,NavBar::controls() const,2,2,2,1,0,0,0,0,
E:\Users\Gregoire.PC-GREGOIRE\Documents\Programmation\Qt\MiniClipBoard\Sources\UI\Browser\navbar.cpp,NavBar::setControls(int flags),36,31,26,5,5,0,0,0,
E:\Users\Gregoire.PC-GREGOIRE\Documents\Programmation\Qt\MiniClipBoard\Sources\UI\Browser\navbar.cpp,NavBar::resizeEvent(QResizeEvent *event),5,4,4,0,1,0,0,0,
E:\Users\Gregoire.PC-GREGOIRE\Documents\Programmation\Qt\MiniClipBoard\Sources\UI\Browser\popup.cpp,Popup::Popup(QWidget *parent),10,7,7,0,3,0,0,0,
E:\Users\Gregoire.PC-GREGOIRE\Documents\Programmation\Qt\MiniClipBoard\Sources\UI\Browser\popup.cpp,Popup::setTitle(const QString &title),5,4,4,0,1,0,0,0,
E:\Users\Gregoire.PC-GREGOIRE\Documents\Programmation\Qt\MiniClipBoard\Sources\UI\Browser\popup.cpp,Popup::setHttpsUse(bool use),8,7,6,1,1,0,0,0,
E:\Users\Gregoire.PC-GREGOIRE\Documents\Programmation\Qt\MiniClipBoard\Sources\UI\BubbleSearch\bubblesearch.cpp,"BubbleSearch::BubbleSearch(const QIcon &icon, QWidget *parent)",47,37,37,0,10,0,0,0,
E:\Users\Gregoire.PC-GREGOIRE\Documents\Programmation\Qt\MiniClipBoard\Sources\UI\BubbleSearch\bubblesearch.cpp,BubbleSearch::setPlaceholderText(const QString &placeholder),2,2,2,0,0,0,0,0,
E:\Users\Gregoire.PC-GREGOIRE\Documents\Programmation\Qt\MiniClipBoard\Sources\UI\BubbleSearch\bubblesearch.cpp,BubbleSearch::toggle(),28,24,21,3,4,0,0,0,
E:\Users\Gregoire.PC-GREGOIRE\Documents\Programmation\Qt\MiniClipBoard\Sources\UI\BubbleSearch\bubblesearch.cpp,BubbleSearch::raiseProgress() const,2,2,2,1,0,0,0,0,
E:\Users\Gregoire.PC-GREGOIRE\Documents\Programmation\Qt\MiniClipBoard\Sources\UI\BubbleSearch\bubblesearch.cpp,BubbleSearch::setRaiseProgress(float raiseProgress),4,3,3,0,1,0,0,0,
E:\Users\Gregoire.PC-GREGOIRE\Documents\Programmation\Qt\MiniClipBoard\Sources\UI\BubbleSearch\bubblesearch.cpp,"BubbleSearch::updateMask(const QRect &r, qreal radius)",19,13,13,0,6,0,0,0,
E:\Users\Gregoire.PC-GREGOIRE\Documents\Programmation\Qt\MiniClipBoard\Sources\UI\BubbleSearch\bubblesearch.cpp,BubbleSearch::setRaised(const bool raised),18,16,15,1,1,0,1,1,
E:\Users\Gregoire.PC-GREGOIRE\Documents\Programmation\Qt\MiniClipBoard\Sources\UI\BubbleSearch\bubblesearch.cpp,BubbleSearch::setSmallWidth(int smallWidth),5,4,4,0,1,0,0,0,
E:\Users\Gregoire.PC-GREGOIRE\Documents\Programmation\Qt\MiniClipBoard\Sources\UI\BubbleSearch\bubblesearch.cpp,BubbleSearch::animProgress() const,2,2,2,1,0,0,0,0,
E:\Users\Gregoire.PC-GREGOIRE\Documents\Programmation\Qt\MiniClipBoard\Sources\UI\BubbleSearch\bubblesearch.cpp,BubbleSearch::setAnimProgress(float animProgress),6,4,4,0,2,0,0,0,
E:\Users\Gregoire.PC-GREGOIRE\Documents\Programmation\Qt\MiniClipBoard\Sources\UI\BubbleSearch\bubblesearch.cpp,BubbleSearch::isLarge() const,2,2,2,1,0,0,0,0,
E:\Users\Gregoire.PC-GREGOIRE\Documents\Programmation\Qt\MiniClipBoard\Sources\UI\BubbleSearch\bubblesearch.cpp,BubbleSearch::paintEvent(QPaintEvent *event),40,25,24,0,15,0,0,0,
E:\Users\Gregoire.PC-GREGOIRE\Documents\Programmation\Qt\MiniClipBoard\Sources\UI\BubbleSearch\bubblesearch.cpp,BubbleSearch::mouseReleaseEvent(QMouseEvent *event),6,5,3,1,1,0,0,0,
E:\Users\Gregoire.PC-GREGOIRE\Documents\Programmation\Qt\MiniClipBoard\Sources\UI\BubbleSearch\bubblesearch.cpp,BubbleSearch::enterEvent(QEvent *event),6,5,3,1,1,0,0,0,
E:\Users\Gregoire.PC-GREGOIRE\Documents\Programmation\Qt\MiniClipBoard\Sources\UI\BubbleSearch\bubblesearch.cpp,BubbleSearch::leaveEvent(QEvent *event),6,5,3,1,1,0,0,0,
E:\Users\Gregoire.PC-GREGOIRE\Documents\Programmation\Qt\MiniClipBoard\Sources\UI\CloudPopup\cloudpopup.cpp,CloudPopup::CloudPopup(),20,16,16,0,4,0,0,0,
E:\Users\Gregoire.PC-GREGOIRE\Documents\Programmation\Qt\MiniClipBoard\Sources\UI\CloudPopup\cloudpopup.cpp,CloudPopup::platformSelected(int platform),5,5,4,1,0,0,0,0,
E:\Users\Gregoire.PC-GREGOIRE\Documents\Programmation\Qt\MiniClipBoard\Sources\UI\CloudPopup\platformselector.cpp,PlatformSelector::PlatformSelector(QWidget *parent),13,10,10,0,3,0,0,0,
E:\Users\Gregoire.PC-GREGOIRE\Documents\Programmation\Qt\MiniClipBoard\Sources\UI\CloudPopup\Setting\pastebinsettings.cpp,PastebinSettings::PastebinSettings(QWidget *parent),61,46,44,1,15,0,0,0,
E:\Users\Gregoire.PC-GREGOIRE\Documents\Programmation\Qt\MiniClipBoard\Sources\UI\CloudPopup\Setting\pastebinsettings.cpp,PastebinSettings::upload(),13,9,8,1,4,0,0,0,
E:\Users\Gregoire.PC-GREGOIRE\Documents\Programmation\Qt\MiniClipBoard\Sources\UI\CloudPopup\Setting\pastebinsettings.cpp,PastebinSettings::checkKey(),7,6,6,0,1,0,0,0,
E:\Users\Gregoire.PC-GREGOIRE\Documents\Programmation\Qt\MiniClipBoard\Sources\UI\CloudPopup\Setting\pastebinsettings.cpp,PastebinSettings::initOptions(),19,18,9,0,1,0,0,0,
E:\Users\Gregoire.PC-GREGOIRE\Documents\Programmation\Qt\MiniClipBoard\Sources\UI\CloudPopup\Setting\pastebinsettings.cpp,PastebinSettings::toggleOptions(),7,7,6,1,0,0,0,0,
E:\Users\Gregoire.PC-GREGOIRE\Documents\Programmation\Qt\MiniClipBoard\Sources\UI\CloudPopup\Setting\pastebinsettings.cpp,PastebinSettings::applyOptions(CloudTypes::CloudData &data),53,48,33,15,5,0,0,0,
E:\Users\Gregoire.PC-GREGOIRE\Documents\Programmation\Qt\MiniClipBoard\Sources\UI\ContentViewer\contentviewer.cpp,ContentViewer::ContentViewer(QWidget *parent),76,60,58,0,16,0,0,0,
E:\Users\Gregoire.PC-GREGOIRE\Documents\Programmation\Qt\MiniClipBoard\Sources\UI\ContentViewer\contentviewer.cpp,ContentViewer::~ContentViewer(),2,2,2,0,0,0,0,0,
E:\Users\Gregoire.PC-GREGOIRE\Documents\Programmation\Qt\MiniClipBoard\Sources\UI\ContentViewer\contentviewer.cpp,ContentViewer::data() const,2,2,2,1,0,0,0,0,
E:\Users\Gregoire.PC-GREGOIRE\Documents\Programmation\Qt\MiniClipBoard\Sources\UI\ContentViewer\contentviewer.cpp,ContentViewer::setData(const Core::ClipboardData &data),4,3,3,0,1,0,0,0,
E:\Users\Gregoire.PC-GREGOIRE\Documents\Programmation\Qt\MiniClipBoard\Sources\UI\ContentViewer\contentviewer.cpp,ContentViewer::dateTime() const,2,2,2,1,0,0,0,0,
E:\Users\Gregoire.PC-GREGOIRE\Documents\Programmation\Qt\MiniClipBoard\Sources\UI\ContentViewer\contentviewer.cpp,ContentViewer::setDateTime(const QDateTime &dateTime),4,3,3,0,1,0,0,0,
E:\Users\Gregoire.PC-GREGOIRE\Documents\Programmation\Qt\MiniClipBoard\Sources\UI\ContentViewer\contentviewer.cpp,ContentViewer::title() const,2,2,2,1,0,0,0,0,
E:\Users\Gregoire.PC-GREGOIRE\Documents\Programmation\Qt\MiniClipBoard\Sources\UI\ContentViewer\contentviewer.cpp,ContentViewer::setTitle(const QString &title),4,3,3,0,1,0,0,0,
E:\Users\Gregoire.PC-GREGOIRE\Documents\Programmation\Qt\MiniClipBoard\Sources\UI\ContentViewer\contentviewer.cpp,ContentViewer::save(),2,2,2,0,0,0,0,0,
E:\Users\Gregoire.PC-GREGOIRE\Documents\Programmation\Qt\MiniClipBoard\Sources\UI\ContentViewer\contentviewer.cpp,ContentViewer::print(),4,3,3,0,1,0,0,0,
E:\Users\Gregoire.PC-GREGOIRE\Documents\Programmation\Qt\MiniClipBoard\Sources\UI\ContentViewer\contentviewer.cpp,ContentViewer::fadeIn(),7,7,7,0,0,0,0,0,
E:\Users\Gregoire.PC-GREGOIRE\Documents\Programmation\Qt\MiniClipBoard\Sources\UI\ContentViewer\contentviewer.cpp,ContentViewer::fadeOut(),11,11,11,0,0,0,0,0,
E:\Users\Gregoire.PC-GREGOIRE\Documents\Programmation\Qt\MiniClipBoard\Sources\UI\ContentViewer\contentviewer.cpp,ContentViewer::animationDuration() const,2,2,2,1,0,0,0,0,
E:\Users\Gregoire.PC-GREGOIRE\Documents\Programmation\Qt\MiniClipBoard\Sources\UI\ContentViewer\contentviewer.cpp,ContentViewer::setAnimationDuration(int animationDuration),2,2,2,0,0,0,0,0,
E:\Users\Gregoire.PC-GREGOIRE\Documents\Programmation\Qt\MiniClipBoard\Sources\UI\ContentViewer\contentviewer.cpp,"ContentViewer::elidedText(const QString &text, QLabel *label)",3,3,3,1,0,0,0,0,
E:\Users\Gregoire.PC-GREGOIRE\Documents\Programmation\Qt\MiniClipBoard\Sources\UI\ContentViewer\contentviewer.cpp,ContentViewer::applyMask(),12,9,7,2,3,0,0,0,
E:\Users\Gregoire.PC-GREGOIRE\Documents\Programmation\Qt\MiniClipBoard\Sources\UI\ContentViewer\contentviewer.cpp,ContentViewer::displayInfos(),5,3,3,0,2,0,0,0,
E:\Users\Gregoire.PC-GREGOIRE\Documents\Programmation\Qt\MiniClipBoard\Sources\UI\ContentViewer\contentviewer.cpp,ContentViewer::displayData(),28,26,18,8,2,0,0,0,
E:\Users\Gregoire.PC-GREGOIRE\Documents\Programmation\Qt\MiniClipBoard\Sources\UI\ContentViewer\contentviewer.cpp,ContentViewer::paintEvent(QPaintEvent *event),29,19,17,1,10,0,0,0,
E:\Users\Gregoire.PC-GREGOIRE\Documents\Programmation\Qt\MiniClipBoard\Sources\UI\ContentViewer\Viewers\ColorViewer\colorviewer.cpp,"ColorViewer::ColorViewer(const QColor &color, QWidget *parent)",4,4,4,0,0,0,0,0,
E:\Users\Gregoire.PC-GREGOIRE\Documents\Programmation\Qt\MiniClipBoard\Sources\UI\ContentViewer\Viewers\ColorViewer\colorviewer.cpp,"ColorViewer::drawColorWheel(QPainter &painter, const QRect &rect, const QColor &color)",39,26,24,0,11,0,2,10,
E:\Users\Gregoire.PC-GREGOIRE\Documents\Programmation\Qt\MiniClipBoard\Sources\UI\ContentViewer\Viewers\ColorViewer\colorviewer.cpp,"ColorViewer::getPositionFromHS(float h, float s)",4,3,3,1,1,0,0,0,
E:\Users\Gregoire.PC-GREGOIRE\Documents\Programmation\Qt\MiniClipBoard\Sources\UI\ContentViewer\Viewers\ColorViewer\colorviewer.cpp,ColorViewer::getHue(const QColor &color),31,22,19,5,9,0,0,0,
E:\Users\Gregoire.PC-GREGOIRE\Documents\Programmation\Qt\MiniClipBoard\Sources\UI\ContentViewer\Viewers\ColorViewer\colorviewer.cpp,ColorViewer::getSaturation(const QColor &color),13,11,10,3,2,0,0,0,
E:\Users\Gregoire.PC-GREGOIRE\Documents\Programmation\Qt\MiniClipBoard\Sources\UI\ContentViewer\Viewers\ColorViewer\colorviewer.cpp,ColorViewer::getValue(const QColor &color),8,6,6,1,2,0,0,0,
E:\Users\Gregoire.PC-GREGOIRE\Documents\Programmation\Qt\MiniClipBoard\Sources\UI\ContentViewer\Viewers\ColorViewer\colorviewer.cpp,ColorViewer::paintEvent(QPaintEvent *event),31,20,16,0,11,0,0,0,
E:\Users\Gregoire.PC-GREGOIRE\Documents\Programmation\Qt\MiniClipBoard\Sources\UI\ContentViewer\Viewers\HTMLViewer\htmlviewer.cpp,"HTMLViewer::HTMLViewer(const QString &html, QWidget *parent)",18,12,12,0,5,0,1,1,
E:\Users\Gregoire.PC-GREGOIRE\Documents\Programmation\Qt\MiniClipBoard\Sources\UI\ContentViewer\Viewers\HTMLViewer\htmlviewer.cpp,HTMLViewer::paintEvent(QPaintEvent *event),8,5,4,0,3,0,0,0,
E:\Users\Gregoire.PC-GREGOIRE\Documents\Programmation\Qt\MiniClipBoard\Sources\UI\ContentViewer\Viewers\ImageViewer\imageviewer.cpp,"ImageViewer::ImageViewer(const QPixmap &image, QWidget *parent)",32,23,23,0,8,0,1,1,
E:\Users\Gregoire.PC-GREGOIRE\Documents\Programmation\Qt\MiniClipBoard\Sources\UI\ContentViewer\Viewers\ImageViewer\imageviewer.cpp,ImageViewer::drawCheckeredBg(QPainter &painter),13,10,8,2,3,0,0,0,
E:\Users\Gregoire.PC-GREGOIRE\Documents\Programmation\Qt\MiniClipBoard\Sources\UI\ContentViewer\Viewers\ImageViewer\imageviewer.cpp,ImageViewer::constrainImgPos(),16,13,9,4,3,0,0,0,
E:\Users\Gregoire.PC-GREGOIRE\Documents\Programmation\Qt\MiniClipBoard\Sources\UI\ContentViewer\Viewers\ImageViewer\imageviewer.cpp,ImageViewer::updateScale(),5,4,4,0,1,0,0,0,
E:\Users\Gregoire.PC-GREGOIRE\Documents\Programmation\Qt\MiniClipBoard\Sources\UI\ContentViewer\Viewers\ImageViewer\imageviewer.cpp,ImageViewer::paintEvent(QPaintEvent *event),28,17,12,1,8,2,3,26,
E:\Users\Gregoire.PC-GREGOIRE\Documents\Programmation\Qt\MiniClipBoard\Sources\UI\ContentViewer\Viewers\ImageViewer\imageviewer.cpp,ImageViewer::wheelEvent(QWheelEvent *event),15,11,10,1,4,0,0,0,
E:\Users\Gregoire.PC-GREGOIRE\Documents\Programmation\Qt\MiniClipBoard\Sources\UI\ContentViewer\Viewers\ImageViewer\imageviewer.cpp,ImageViewer::enterEvent(QEvent *event),4,3,2,0,1,0,0,0,
E:\Users\Gregoire.PC-GREGOIRE\Documents\Programmation\Qt\MiniClipBoard\Sources\UI\ContentViewer\Viewers\ImageViewer\imageviewer.cpp,ImageViewer::leaveEvent(QEvent *event),4,3,2,0,1,0,0,0,
E:\Users\Gregoire.PC-GREGOIRE\Documents\Programmation\Qt\MiniClipBoard\Sources\UI\ContentViewer\Viewers\ImageViewer\imageviewer.cpp,ImageViewer::mouseMoveEvent(QMouseEvent *event),11,8,7,1,3,0,0,0,
E:\Users\Gregoire.PC-GREGOIRE\Documents\Programmation\Qt\MiniClipBoard\Sources\UI\ContentViewer\Viewers\ImageViewer\imageviewer.cpp,ImageViewer::mousePressEvent(QMouseEvent *event),9,8,7,1,1,0,0,0,
E:\Users\Gregoire.PC-GREGOIRE\Documents\Programmation\Qt\MiniClipBoard\Sources\UI\ContentViewer\Viewers\ImageViewer\imageviewer.cpp,ImageViewer::mouseReleaseEvent(QMouseEvent *event),13,10,8,1,3,0,0,0,
E:\Users\Gregoire.PC-GREGOIRE\Documents\Programmation\Qt\MiniClipBoard\Sources\UI\ContentViewer\Viewers\ImageViewer\imageviewer.cpp,ImageViewer::resizeEvent(QResizeEvent *event),4,3,2,0,1,0,0,0,
E:\Users\Gregoire.PC-GREGOIRE\Documents\Programmation\Qt\MiniClipBoard\Sources\UI\ContentViewer\Viewers\LinksViewer\linksviewer.cpp,"LinksViewer::LinksViewer(const Core::Urls &urls, QWidget *parent)",13,9,9,0,4,0,0,0,
E:\Users\Gregoire.PC-GREGOIRE\Documents\Programmation\Qt\MiniClipBoard\Sources\UI\ContentViewer\Viewers\LinksViewer\linksviewer.cpp,LinksViewer::openBrowser(const QUrl &url),13,9,9,0,4,0,0,0,
E:\Users\Gregoire.PC-GREGOIRE\Documents\Programmation\Qt\MiniClipBoard\Sources\UI\ContentViewer\Viewers\LinksViewer\linksviewer.cpp,LinksViewer::viewFile(const QUrl &url),9,7,7,0,2,0,0,0,
E:\Users\Gregoire.PC-GREGOIRE\Documents\Programmation\Qt\MiniClipBoard\Sources\UI\ContentViewer\Viewers\LinksViewer\linksviewer.cpp,LinksViewer::displayLinks(),7,7,6,1,0,0,0,0,
E:\Users\Gregoire.PC-GREGOIRE\Documents\Programmation\Qt\MiniClipBoard\Sources\UI\ContentViewer\Viewers\LinksViewer\linkviewer.cpp,"LinkViewer::LinkViewer(const QUrl &url, QWidget *parent)",41,30,26,1,9,0,2,5,
E:\Users\Gregoire.PC-GREGOIRE\Documents\Programmation\Qt\MiniClipBoard\Sources\UI\ContentViewer\Viewers\LinksViewer\linkviewer.cpp,LinkViewer::~LinkViewer(),2,1,1,0,1,0,0,0,
E:\Users\Gregoire.PC-GREGOIRE\Documents\Programmation\Qt\MiniClipBoard\Sources\UI\ContentViewer\Viewers\LinksViewer\linkviewer.cpp,LinkViewer::setUrl(const QUrl &url),21,14,13,1,7,0,0,0,
E:\Users\Gregoire.PC-GREGOIRE\Documents\Programmation\Qt\MiniClipBoard\Sources\UI\ContentViewer\Viewers\LinksViewer\linkviewer.cpp,LinkViewer::removeWidget(),2,2,2,0,0,0,0,0,
E:\Users\Gregoire.PC-GREGOIRE\Documents\Programmation\Qt\MiniClipBoard\Sources\UI\ContentViewer\Viewers\LinksViewer\linkviewer.cpp,LinkViewer::fadeIn(),1,1,1,0,0,0,0,0,
E:\Users\Gregoire.PC-GREGOIRE\Documents\Programmation\Qt\MiniClipBoard\Sources\UI\ContentViewer\Viewers\LinksViewer\linkviewer.cpp,LinkViewer::fadeOut(),1,1,1,0,0,0,0,0,
E:\Users\Gregoire.PC-GREGOIRE\Documents\Programmation\Qt\MiniClipBoard\Sources\UI\ContentViewer\Viewers\LinksViewer\FileViewer\errorwidget.cpp,"ErrorWidget::ErrorWidget(ErrType type, const QString fileName, QWidget *parent)",24,19,16,3,5,0,0,0,
E:\Users\Gregoire.PC-GREGOIRE\Documents\Programmation\Qt\MiniClipBoard\Sources\UI\ContentViewer\Viewers\LinksViewer\FileViewer\fileviewer.cpp,"FileViewer::FileViewer(const QUrl &url, QWidget *parent)",29,24,24,0,5,0,0,0,
E:\Users\Gregoire.PC-GREGOIRE\Documents\Programmation\Qt\MiniClipBoard\Sources\UI\ContentViewer\Viewers\LinksViewer\FileViewer\fileviewer.cpp,FileViewer::show(),11,10,10,0,1,0,0,0,
E:\Users\Gregoire.PC-GREGOIRE\Documents\Programmation\Qt\MiniClipBoard\Sources\UI\ContentViewer\Viewers\LinksViewer\FileViewer\fileviewer.cpp,FileViewer::setViewer(const QUrl &url),31,30,20,7,1,0,0,0,
E:\Users\Gregoire.PC-GREGOIRE\Documents\Programmation\Qt\MiniClipBoard\Sources\UI\ContentViewer\Viewers\TextViewer\textviewer.cpp,"TextViewer::TextViewer(const QString &text, QWidget *parent)",13,9,9,0,4,0,0,0,
E:\Users\Gregoire.PC-GREGOIRE\Documents\Programmation\Qt\MiniClipBoard\Sources\UI\CoreUI\coreui.cpp,"CoreUI::copyDataWidget(DataWidget *widget, QWidget *parent)",20,16,15,2,4,0,0,0,
E:\Users\Gregoire.PC-GREGOIRE\Documents\Programmation\Qt\MiniClipBoard\Sources\UI\CoreUI\coreui.cpp,"CoreUI::getWidgetFromUUID(const QList<AbstractListedWidget *> &widgets, const QUuid &uuid)",8,7,5,4,1,0,0,0,
E:\Users\Gregoire.PC-GREGOIRE\Documents\Programmation\Qt\MiniClipBoard\Sources\UI\CoreUI\coreui.cpp,"CoreUI::filterDataWidgets(const Core::Filter &filter, QList<AbstractListedWidget *> widgets)",27,23,14,5,4,0,0,0,
E:\Users\Gregoire.PC-GREGOIRE\Documents\Programmation\Qt\MiniClipBoard\Sources\UI\CoreUI\Widgets\browsedialog.cpp,BrowseDialog::BrowseDialog(QWidget *parent),43,33,32,1,10,0,0,0,
E:\Users\Gregoire.PC-GREGOIRE\Documents\Programmation\Qt\MiniClipBoard\Sources\UI\CoreUI\Widgets\browsedialog.cpp,BrowseDialog::getFileName(),2,2,2,1,0,0,0,0,
E:\Users\Gregoire.PC-GREGOIRE\Documents\Programmation\Qt\MiniClipBoard\Sources\UI\CoreUI\Widgets\browsedialog.cpp,BrowseDialog::setText(const QString &text),2,2,2,0,0,0,0,0,
E:\Users\Gregoire.PC-GREGOIRE\Documents\Programmation\Qt\MiniClipBoard\Sources\UI\CoreUI\Widgets\flatactionbutton.cpp,"FlatActionButton::FlatActionButton(const QIcon &icon, const QString &tooltip, QWidget *parent)",7,7,7,0,0,0,0,0,
E:\Users\Gregoire.PC-GREGOIRE\Documents\Programmation\Qt\MiniClipBoard\Sources\UI\CoreUI\Widgets\infospopup.cpp,InfosPopup::InfosPopup(QWidget *parent),12,9,9,0,3,1,0,2,
E:\Users\Gregoire.PC-GREGOIRE\Documents\Programmation\Qt\MiniClipBoard\Sources\UI\CoreUI\Widgets\infospopup.cpp,InfosPopup::setLayout(QLayout *layout),2,2,2,0,0,0,0,0,
E:\Users\Gregoire.PC-GREGOIRE\Documents\Programmation\Qt\MiniClipBoard\Sources\UI\CoreUI\Widgets\infospopup.cpp,InfosPopup::setAnchorWidget(QWidget *anchor),2,2,2,0,0,0,0,0,
E:\Users\Gregoire.PC-GREGOIRE\Documents\Programmation\Qt\MiniClipBoard\Sources\UI\CoreUI\Widgets\infospopup.cpp,InfosPopup::cleanDestroy(),3,3,3,0,0,0,0,0,
E:\Users\Gregoire.PC-GREGOIRE\Documents\Programmation\Qt\MiniClipBoard\Sources\UI\CoreUI\Widgets\infospopup.cpp,InfosPopup::moveToPoint(const QPoint &point),3,3,3,0,0,0,0,0,
E:\Users\Gregoire.PC-GREGOIRE\Documents\Programmation\Qt\MiniClipBoard\Sources\UI\CoreUI\Widgets\infospopup.cpp,InfosPopup::paintEvent(QPaintEvent *event),33,22,18,0,11,0,0,0,
E:\Users\Gregoire.PC-GREGOIRE\Documents\Programmation\Qt\MiniClipBoard\Sources\UI\CoreUI\Widgets\infospopup.cpp,InfosPopup::updatePopupPos(),7,6,4,1,1,0,0,0,
E:\Users\Gregoire.PC-GREGOIRE\Documents\Programmation\Qt\MiniClipBoard\Sources\UI\CoreUI\Widgets\infospopup.cpp,InfosPopup::setVisible(bool visible),4,3,3,0,1,0,0,0,
E:\Users\Gregoire.PC-GREGOIRE\Documents\Programmation\Qt\MiniClipBoard\Sources\UI\CoreUI\Widgets\infospopup.cpp,InfosPopup::trigger(),3,3,3,0,0,0,0,0,
E:\Users\Gregoire.PC-GREGOIRE\Documents\Programmation\Qt\MiniClipBoard\Sources\UI\CoreUI\Widgets\infospopup.cpp,"InfosPopup::eventFilter(QObject *watched, QEvent *event)",18,15,10,5,3,0,0,0,
E:\Users\Gregoire.PC-GREGOIRE\Documents\Programmation\Qt\MiniClipBoard\Sources\UI\CoreUI\Widgets\lineedit.cpp,LineEdit::LineEdit(QWidget *parent),4,4,4,0,0,0,0,0,
E:\Users\Gregoire.PC-GREGOIRE\Documents\Programmation\Qt\MiniClipBoard\Sources\UI\CoreUI\Widgets\lineedit.cpp,LineEdit::setBorderColor(const QColor &color),12,12,2,0,0,0,0,0,
E:\Users\Gregoire.PC-GREGOIRE\Documents\Programmation\Qt\MiniClipBoard\Sources\UI\CoreUI\Widgets\lineedit.cpp,LineEdit::resetColor(),12,12,2,0,0,0,0,0,
E:\Users\Gregoire.PC-GREGOIRE\Documents\Programmation\Qt\MiniClipBoard\Sources\UI\CoreUI\Widgets\linkbutton.cpp,LinkButton::LinkButton(QWidget *parent),6,6,6,0,0,0,0,0,
E:\Users\Gregoire.PC-GREGOIRE\Documents\Programmation\Qt\MiniClipBoard\Sources\UI\CoreUI\Widgets\linkbutton.cpp,LinkButton::description() const,2,2,2,1,0,0,0,0,
E:\Users\Gregoire.PC-GREGOIRE\Documents\Programmation\Qt\MiniClipBoard\Sources\UI\CoreUI\Widgets\linkbutton.cpp,LinkButton::setDescription(const QString &description),4,3,3,0,1,0,0,0,
E:\Users\Gregoire.PC-GREGOIRE\Documents\Programmation\Qt\MiniClipBoard\Sources\UI\CoreUI\Widgets\linkbutton.cpp,LinkButton::paintEvent(QPaintEvent *event),25,16,14,0,9,0,0,0,
E:\Users\Gregoire.PC-GREGOIRE\Documents\Programmation\Qt\MiniClipBoard\Sources\UI\CoreUI\Widgets\tooltipwindow.cpp,TooltipWindow::TooltipWindow(QWidget *parent),18,14,14,0,4,0,0,0,
E:\Users\Gregoire.PC-GREGOIRE\Documents\Programmation\Qt\MiniClipBoard\Sources\UI\CoreUI\Widgets\tooltipwindow.cpp,TooltipWindow::getCentralWidget() const,2,2,2,1,0,0,0,0,
E:\Users\Gregoire.PC-GREGOIRE\Documents\Programmation\Qt\MiniClipBoard\Sources\UI\CoreUI\Widgets\tooltipwindow.cpp,TooltipWindow::setCentralWidget(QWidget *value),2,2,2,0,0,0,0,0,
E:\Users\Gregoire.PC-GREGOIRE\Documents\Programmation\Qt\MiniClipBoard\Sources\UI\CoreUI\Widgets\tooltipwindow.cpp,TooltipWindow::getAutoClose() const,2,2,2,1,0,0,0,0,
E:\Users\Gregoire.PC-GREGOIRE\Documents\Programmation\Qt\MiniClipBoard\Sources\UI\CoreUI\Widgets\tooltipwindow.cpp,TooltipWindow::setAutoClose(bool autoClose),5,5,4,1,0,0,0,0,
E:\Users\Gregoire.PC-GREGOIRE\Documents\Programmation\Qt\MiniClipBoard\Sources\UI\CoreUI\Widgets\tooltipwindow.cpp,TooltipWindow::updateOpacity(),15,10,9,1,5,0,0,0,
E:\Users\Gregoire.PC-GREGOIRE\Documents\Programmation\Qt\MiniClipBoard\Sources\UI\CoreUI\Widgets\tooltipwindow.cpp,TooltipWindow::getMouseDistance(const QPoint &p),9,7,7,1,2,0,0,0,
E:\Users\Gregoire.PC-GREGOIRE\Documents\Programmation\Qt\MiniClipBoard\Sources\UI\CoreUI\Widgets\tooltipwindow.cpp,TooltipWindow::fadeIn(),11,9,9,0,2,0,0,0,
E:\Users\Gregoire.PC-GREGOIRE\Documents\Programmation\Qt\MiniClipBoard\Sources\UI\CoreUI\Widgets\tooltipwindow.cpp,TooltipWindow::paintEvent(QPaintEvent *event),17,12,10,1,5,0,0,0,
E:\Users\Gregoire.PC-GREGOIRE\Documents\Programmation\Qt\MiniClipBoard\Sources\UI\CoreUI\Widgets\tooltipwindow.cpp,TooltipWindow::updateMask(),12,8,8,0,4,0,0,0,
E:\Users\Gregoire.PC-GREGOIRE\Documents\Programmation\Qt\MiniClipBoard\Sources\UI\CoreUI\WidgetsManager\widgetsmanager.cpp,"WidgetsManager::WidgetsManager(DataWidgetContainer *container, DataWidgetContainer *containerBookmarks, QObject *parent)",2,1,1,0,1,0,0,0,
E:\Users\Gregoire.PC-GREGOIRE\Documents\Programmation\Qt\MiniClipBoard\Sources\UI\CoreUI\WidgetsManager\widgetsmanager.cpp,WidgetsManager::createWidget(const Core::ClipboardData &data),15,14,13,1,1,0,0,0,
E:\Users\Gregoire.PC-GREGOIRE\Documents\Programmation\Qt\MiniClipBoard\Sources\UI\CoreUI\WidgetsManager\widgetsmanager.cpp,"WidgetsManager::createBookmarkWidget(const Core::ClipboardData &data, const Core::Bookmark &bookmark)",20,18,17,1,2,0,0,0,
E:\Users\Gregoire.PC-GREGOIRE\Documents\Programmation\Qt\MiniClipBoard\Sources\UI\CoreUI\WidgetsManager\widgetsmanager.cpp,WidgetsManager::simpleWidgetBookmarkedChanged(bool bookmarked),18,16,13,3,2,0,0,0,
E:\Users\Gregoire.PC-GREGOIRE\Documents\Programmation\Qt\MiniClipBoard\Sources\UI\CoreUI\WidgetsManager\widgetsmanager.cpp,WidgetsManager::bookmarkWidgetBookmarkedChanged(bool bookmarked),6,5,4,1,1,0,0,0,
E:\Users\Gregoire.PC-GREGOIRE\Documents\Programmation\Qt\MiniClipBoard\Sources\UI\CoreUI\WidgetsManager\widgetsmanager.cpp,WidgetsManager::bookmarkWidgetRemoved(DataWidget *widget),12,10,7,2,2,0,0,0,
E:\Users\Gregoire.PC-GREGOIRE\Documents\Programmation\Qt\MiniClipBoard\Sources\UI\CoreUI\WidgetsManager\widgetsmanager.cpp,WidgetsManager::setBookmarkManager(BookmarkManager *p_bookmarkManager),2,2,2,0,0,0,0,0,
E:\Users\Gregoire.PC-GREGOIRE\Documents\Programmation\Qt\MiniClipBoard\Sources\UI\CoreUI\WidgetsManager\widgetsmanager.cpp,WidgetsManager::setSettingsManager(SettingsManager *p_settingsManager),2,2,2,0,0,0,0,0,
E:\Users\Gregoire.PC-GREGOIRE\Documents\Programmation\Qt\MiniClipBoard\Sources\UI\DataWidget\datawidget.cpp,DataWidget::DataWidget(QWidget *parent),61,45,45,0,14,0,2,3,
E:\Users\Gregoire.PC-GREGOIRE\Documents\Programmation\Qt\MiniClipBoard\Sources\UI\DataWidget\datawidget.cpp,DataWidget::~DataWidget(),2,1,1,0,1,0,0,0,
E:\Users\Gregoire.PC-GREGOIRE\Documents\Programmation\Qt\MiniClipBoard\Sources\UI\DataWidget\datawidget.cpp,DataWidget::setDataColor(const QColor &color),18,13,13,0,5,0,0,0,
E:\Users\Gregoire.PC-GREGOIRE\Documents\Programmation\Qt\MiniClipBoard\Sources\UI\DataWidget\datawidget.cpp,DataWidget::setDataHTML(const QString &html),16,11,11,0,5,0,0,0,
E:\Users\Gregoire.PC-GREGOIRE\Documents\Programmation\Qt\MiniClipBoard\Sources\UI\DataWidget\datawidget.cpp,DataWidget::setDataText(const QString &text),13,9,9,0,4,0,0,0,
E:\Users\Gregoire.PC-GREGOIRE\Documents\Programmation\Qt\MiniClipBoard\Sources\UI\DataWidget\datawidget.cpp,DataWidget::setDataImage(const QPixmap &image),18,13,13,0,5,0,0,0,
E:\Users\Gregoire.PC-GREGOIRE\Documents\Programmation\Qt\MiniClipBoard\Sources\UI\DataWidget\datawidget.cpp,DataWidget::setDataUrls(const Core::Urls &urls),19,15,14,1,4,0,0,0,
E:\Users\Gregoire.PC-GREGOIRE\Documents\Programmation\Qt\MiniClipBoard\Sources\UI\DataWidget\datawidget.cpp,DataWidget::toggleBookMark(),12,8,7,1,2,0,2,2,
E:\Users\Gregoire.PC-GREGOIRE\Documents\Programmation\Qt\MiniClipBoard\Sources\UI\DataWidget\datawidget.cpp,DataWidget::removeWidget(),3,3,3,0,0,0,0,0,
E:\Users\Gregoire.PC-GREGOIRE\Documents\Programmation\Qt\MiniClipBoard\Sources\UI\DataWidget\datawidget.cpp,DataWidget::copy(),31,28,21,7,3,0,0,0,
E:\Users\Gregoire.PC-GREGOIRE\Documents\Programmation\Qt\MiniClipBoard\Sources\UI\DataWidget\datawidget.cpp,DataWidget::showThumbnails() const,2,2,2,1,0,0,0,0,
E:\Users\Gregoire.PC-GREGOIRE\Documents\Programmation\Qt\MiniClipBoard\Sources\UI\DataWidget\datawidget.cpp,DataWidget::setShowThumbnails(bool showThumbnails),4,3,3,0,1,0,0,0,
E:\Users\Gregoire.PC-GREGOIRE\Documents\Programmation\Qt\MiniClipBoard\Sources\UI\DataWidget\datawidget.cpp,DataWidget::setDateTime(const QDateTime &dateTime),4,3,3,0,1,0,0,0,
E:\Users\Gregoire.PC-GREGOIRE\Documents\Programmation\Qt\MiniClipBoard\Sources\UI\DataWidget\datawidget.cpp,DataWidget::dateTime() const,2,2,2,1,0,0,0,0,
E:\Users\Gregoire.PC-GREGOIRE\Documents\Programmation\Qt\MiniClipBoard\Sources\UI\DataWidget\datawidget.cpp,DataWidget::data() const,2,2,2,1,0,0,0,0,
E:\Users\Gregoire.PC-GREGOIRE\Documents\Programmation\Qt\MiniClipBoard\Sources\UI\DataWidget\datawidget.cpp,DataWidget::setData(const Core::ClipboardData &data),23,22,15,7,1,0,0,0,
E:\Users\Gregoire.PC-GREGOIRE\Documents\Programmation\Qt\MiniClipBoard\Sources\UI\DataWidget\datawidget.cpp,DataWidget::setBookmarked(bool bookmarked),12,8,7,1,2,0,2,2,
E:\Users\Gregoire.PC-GREGOIRE\Documents\Programmation\Qt\MiniClipBoard\Sources\UI\DataWidget\datawidget.cpp,DataWidget::bookmarked() const,2,2,2,1,0,0,0,0,
E:\Users\Gregoire.PC-GREGOIRE\Documents\Programmation\Qt\MiniClipBoard\Sources\UI\DataWidget\datawidget.cpp,DataWidget::URLs() const,2,2,2,1,0,0,0,0,
E:\Users\Gregoire.PC-GREGOIRE\Documents\Programmation\Qt\MiniClipBoard\Sources\UI\DataWidget\datawidget.cpp,DataWidget::image() const,2,2,2,1,0,0,0,0,
E:\Users\Gregoire.PC-GREGOIRE\Documents\Programmation\Qt\MiniClipBoard\Sources\UI\DataWidget\datawidget.cpp,DataWidget::text() const,2,2,2,1,0,0,0,0,
E:\Users\Gregoire.PC-GREGOIRE\Documents\Programmation\Qt\MiniClipBoard\Sources\UI\DataWidget\datawidget.cpp,DataWidget::HTML() const,2,2,2,1,0,0,0,0,
E:\Users\Gregoire.PC-GREGOIRE\Documents\Programmation\Qt\MiniClipBoard\Sources\UI\DataWidget\datawidget.cpp,DataWidget::color() const,2,2,2,1,0,0,0,0,
E:\Users\Gregoire.PC-GREGOIRE\Documents\Programmation\Qt\MiniClipBoard\Sources\UI\DataWidget\datawidget.cpp,DataWidget::title() const,2,2,2,1,0,0,0,0,
E:\Users\Gregoire.PC-GREGOIRE\Documents\Programmation\Qt\MiniClipBoard\Sources\UI\DataWidget\datawidget.cpp,DataWidget::textFromURLs(const Core::Urls &urls),17,13,11,3,4,0,0,0,
E:\Users\Gregoire.PC-GREGOIRE\Documents\Programmation\Qt\MiniClipBoard\Sources\UI\DataWidget\datawidget.cpp,DataWidget::filesFromURLs(const Core::Urls &urls),10,8,6,3,2,0,0,0,
E:\Users\Gregoire.PC-GREGOIRE\Documents\Programmation\Qt\MiniClipBoard\Sources\UI\DataWidget\datawidget.cpp,DataWidget::setIcon(const QPixmap &pixmap),2,2,2,0,0,0,0,0,
E:\Users\Gregoire.PC-GREGOIRE\Documents\Programmation\Qt\MiniClipBoard\Sources\UI\DataWidget\datawidget.cpp,DataWidget::displayInfos(),2,2,2,0,0,0,0,0,
E:\Users\Gregoire.PC-GREGOIRE\Documents\Programmation\Qt\MiniClipBoard\Sources\UI\DataWidget\datawidget.cpp,"DataWidget::elidedText(const QString &text, QLabel *label)",3,3,3,1,0,0,0,0,
E:\Users\Gregoire.PC-GREGOIRE\Documents\Programmation\Qt\MiniClipBoard\Sources\UI\DataWidget\datawidget.cpp,DataWidget::resizeEvent(QResizeEvent *event),4,3,3,0,1,0,0,0,
E:\Users\Gregoire.PC-GREGOIRE\Documents\Programmation\Qt\MiniClipBoard\Sources\UI\DataWidget\datawidget.cpp,DataWidget::fadeIn(),18,15,15,0,3,0,0,0,
E:\Users\Gregoire.PC-GREGOIRE\Documents\Programmation\Qt\MiniClipBoard\Sources\UI\DataWidget\datawidget.cpp,DataWidget::fadeOut(),21,18,18,0,3,0,0,0,
E:\Users\Gregoire.PC-GREGOIRE\Documents\Programmation\Qt\MiniClipBoard\Sources\UI\DataWidget\datawidget.cpp,DataWidget::fullTitle() const,2,2,2,1,0,0,0,0,
E:\Users\Gregoire.PC-GREGOIRE\Documents\Programmation\Qt\MiniClipBoard\Sources\UI\DataWidget\datawidget.cpp,DataWidget::beingRemoved() const,2,2,2,1,0,0,0,0,
E:\Users\Gregoire.PC-GREGOIRE\Documents\Programmation\Qt\MiniClipBoard\Sources\UI\DataWidget\ThumbnailWidget\colorthumbnailwidget.cpp,"ColorThumbnailWidget::ColorThumbnailWidget(QColor color, QWidget *parent)",2,2,2,0,0,0,0,0,
E:\Users\Gregoire.PC-GREGOIRE\Documents\Programmation\Qt\MiniClipBoard\Sources\UI\DataWidget\ThumbnailWidget\colorthumbnailwidget.cpp,ColorThumbnailWidget::paintEvent(QPaintEvent *event),9,7,6,0,2,0,0,0,
E:\Users\Gregoire.PC-GREGOIRE\Documents\Programmation\Qt\MiniClipBoard\Sources\UI\DataWidget\ThumbnailWidget\imagethumbnail.cpp,"ImageThumbnail::ImageThumbnail(QPixmap *pix, QWidget *parent)",5,4,4,0,1,0,0,0,
E:\Users\Gregoire.PC-GREGOIRE\Documents\Programmation\Qt\MiniClipBoard\Sources\UI\DataWidget\ThumbnailWidget\imagethumbnail.cpp,ImageThumbnail::pixmap() const,2,2,2,1,0,0,0,0,
E:\Users\Gregoire.PC-GREGOIRE\Documents\Programmation\Qt\MiniClipBoard\Sources\UI\DataWidget\ThumbnailWidget\imagethumbnail.cpp,ImageThumbnail::setPixmap(QPixmap *pixmap),2,2,2,0,0,0,0,0,
E:\Users\Gregoire.PC-GREGOIRE\Documents\Programmation\Qt\MiniClipBoard\Sources\UI\DataWidget\ThumbnailWidget\imagethumbnail.cpp,ImageThumbnail::updatePix(),2,2,2,0,0,0,0,0,
E:\Users\Gregoire.PC-GREGOIRE\Documents\Programmation\Qt\MiniClipBoard\Sources\UI\DataWidget\ThumbnailWidget\imagethumbnail.cpp,ImageThumbnail::paintEvent(QPaintEvent *event),12,9,8,0,3,0,0,0,
E:\Users\Gregoire.PC-GREGOIRE\Documents\Programmation\Qt\MiniClipBoard\Sources\UI\DataWidget\ThumbnailWidget\imagethumbnail.cpp,ImageThumbnail::resizeEvent(QResizeEvent *event),4,3,3,0,1,0,0,0,
E:\Users\Gregoire.PC-GREGOIRE\Documents\Programmation\Qt\MiniClipBoard\Sources\UI\DataWidgetContainer\datawidgetcontainer.cpp,DataWidgetContainer::DataWidgetContainer(QWidget *parent),33,27,25,0,6,0,0,0,
E:\Users\Gregoire.PC-GREGOIRE\Documents\Programmation\Qt\MiniClipBoard\Sources\UI\DataWidgetContainer\datawidgetcontainer.cpp,DataWidgetContainer::getContainer() const,2,2,2,1,0,0,0,0,
E:\Users\Gregoire.PC-GREGOIRE\Documents\Programmation\Qt\MiniClipBoard\Sources\UI\DataWidgetContainer\datawidgetcontainer.cpp,DataWidgetContainer::updateSearch(const Core::Filter &filter),18,16,12,2,2,0,0,0,
E:\Users\Gregoire.PC-GREGOIRE\Documents\Programmation\Qt\MiniClipBoard\Sources\UI\DataWidgetContainer\datawidgetcontainer.cpp,DataWidgetContainer::searchBox() const,2,2,2,1,0,0,0,0,
E:\Users\Gregoire.PC-GREGOIRE\Documents\Programmation\Qt\MiniClipBoard\Sources\UI\DataWidgetContainer\headerwidget.cpp,HeaderWidget::HeaderWidget(QWidget *parent),19,14,12,1,5,0,0,0,
E:\Users\Gregoire.PC-GREGOIRE\Documents\Programmation\Qt\MiniClipBoard\Sources\UI\DataWidgetContainer\headerwidget.cpp,HeaderWidget::paintEvent(QPaintEvent *event),19,11,10,0,8,0,0,0,
E:\Users\Gregoire.PC-GREGOIRE\Documents\Programmation\Qt\MiniClipBoard\Sources\UI\DataWidgetContainer\headerwidget.cpp,HeaderWidget::mousePressEvent(QMouseEvent *event),6,5,3,1,1,0,0,0,
E:\Users\Gregoire.PC-GREGOIRE\Documents\Programmation\Qt\MiniClipBoard\Sources\UI\DownloadDialog\downloaddialog.cpp,DownloadDialog::DownloadDialog(QWidget *parent),34,25,25,0,9,1,0,2,
E:\Users\Gregoire.PC-GREGOIRE\Documents\Programmation\Qt\MiniClipBoard\Sources\UI\DownloadDialog\downloaddialog.cpp,"DownloadDialog::setProgress(qint64 received, qint64 total)",3,3,3,0,0,0,0,0,
E:\Users\Gregoire.PC-GREGOIRE\Documents\Programmation\Qt\MiniClipBoard\Sources\UI\DownloadDialog\downloaddialog.cpp,"DownloadDialog::setRate(qint64 rate, qint64 remaining)",23,19,15,2,4,0,0,0,
E:\Users\Gregoire.PC-GREGOIRE\Documents\Programmation\Qt\MiniClipBoard\Sources\UI\DownloadDialog\downloaddialog.cpp,DownloadDialog::downloadFinished(),2,2,2,0,0,0,0,0,
E:\Users\Gregoire.PC-GREGOIRE\Documents\Programmation\Qt\MiniClipBoard\Sources\UI\DownloadDialog\downloaddialog.cpp,DownloadDialog::setMessage(const QString &text),2,2,2,0,0,0,0,0,
E:\Users\Gregoire.PC-GREGOIRE\Documents\Programmation\Qt\MiniClipBoard\Sources\UI\DragDropScreen\dragdropscreen.cpp,DragDropScreen::DragDropScreen(QWidget *parent),7,5,5,0,2,0,0,0,
E:\Users\Gregoire.PC-GREGOIRE\Documents\Programmation\Qt\MiniClipBoard\Sources\UI\DragDropScreen\dragdropscreen.cpp,DragDropScreen::reveal(),34,30,29,1,4,0,0,0,
E:\Users\Gregoire.PC-GREGOIRE\Documents\Programmation\Qt\MiniClipBoard\Sources\UI\DragDropScreen\dragdropscreen.cpp,DragDropScreen::disappear(),4,3,3,0,1,0,0,0,
E:\Users\Gregoire.PC-GREGOIRE\Documents\Programmation\Qt\MiniClipBoard\Sources\UI\DragDropScreen\dragdropscreen.cpp,DragDropScreen::waveAnim(),9,7,6,1,2,0,0,0,
E:\Users\Gregoire.PC-GREGOIRE\Documents\Programmation\Qt\MiniClipBoard\Sources\UI\DragDropScreen\dragdropscreen.cpp,DragDropScreen::paintEvent(QPaintEvent *event),12,8,7,0,4,0,0,0,
E:\Users\Gregoire.PC-GREGOIRE\Documents\Programmation\Qt\MiniClipBoard\Sources\UI\ListWidget\abstractlistedwidget.cpp,AbstractListedWidget::AbstractListedWidget(QWidget *parent),4,3,3,0,1,0,0,0,
E:\Users\Gregoire.PC-GREGOIRE\Documents\Programmation\Qt\MiniClipBoard\Sources\UI\ListWidget\abstractlistedwidget.cpp,AbstractListedWidget::~AbstractListedWidget(),2,1,1,0,1,0,0,0,
E:\Users\Gregoire.PC-GREGOIRE\Documents\Programmation\Qt\MiniClipBoard\Sources\UI\ListWidget\abstractlistedwidget.cpp,AbstractListedWidget::Uuid() const,2,2,2,1,0,0,0,0,
E:\Users\Gregoire.PC-GREGOIRE\Documents\Programmation\Qt\MiniClipBoard\Sources\UI\ListWidget\abstractlistedwidget.cpp,AbstractListedWidget::setUuid(const QUuid &Uuid),2,2,2,0,0,0,0,0,
E:\Users\Gregoire.PC-GREGOIRE\Documents\Programmation\Qt\MiniClipBoard\Sources\UI\ListWidget\abstractlistedwidget.cpp,AbstractListedWidget::generateUuid(),2,2,2,0,0,0,0,0,
E:\Users\Gregoire.PC-GREGOIRE\Documents\Programmation\Qt\MiniClipBoard\Sources\UI\ListWidget\abstractlistedwidget.cpp,AbstractListedWidget::paintEvent(QPaintEvent *event),24,16,12,1,8,0,0,0,
E:\Users\Gregoire.PC-GREGOIRE\Documents\Programmation\Qt\MiniClipBoard\Sources\UI\ListWidget\abstractlistedwidget.cpp,AbstractListedWidget::enterEvent(QEvent *event),6,4,3,0,2,0,0,0,
E:\Users\Gregoire.PC-GREGOIRE\Documents\Programmation\Qt\MiniClipBoard\Sources\UI\ListWidget\abstractlistedwidget.cpp,AbstractListedWidget::leaveEvent(QEvent *event),6,4,3,0,2,0,0,0,
E:\Users\Gregoire.PC-GREGOIRE\Documents\Programmation\Qt\MiniClipBoard\Sources\UI\ListWidget\abstractlistedwidget.cpp,AbstractListedWidget::mouseMoveEvent(QMouseEvent *event),4,3,3,0,1,0,0,0,
E:\Users\Gregoire.PC-GREGOIRE\Documents\Programmation\Qt\MiniClipBoard\Sources\UI\ListWidget\abstractlistedwidget.cpp,"AbstractListedWidget::eventFilter(QObject *obj, QEvent *event)",13,9,7,4,3,0,1,1,
E:\Users\Gregoire.PC-GREGOIRE\Documents\Programmation\Qt\MiniClipBoard\Sources\UI\ListWidget\abstractlistedwidget.cpp,AbstractListedWidget::animationDuration() const,2,2,2,1,0,0,0,0,
E:\Users\Gregoire.PC-GREGOIRE\Documents\Programmation\Qt\MiniClipBoard\Sources\UI\ListWidget\abstractlistedwidget.cpp,AbstractListedWidget::setAnimationDuration(int animationDuration),2,2,2,0,0,0,0,0,
E:\Users\Gregoire.PC-GREGOIRE\Documents\Programmation\Qt\MiniClipBoard\Sources\UI\ListWidget\container.cpp,Container::Container(QWidget *parent),32,20,19,0,6,0,6,10,
E:\Users\Gregoire.PC-GREGOIRE\Documents\Programmation\Qt\MiniClipBoard\Sources\UI\ListWidget\container.cpp,Container::addWidget(AbstractListedWidget *widget),11,9,9,0,2,0,0,0,
E:\Users\Gregoire.PC-GREGOIRE\Documents\Programmation\Qt\MiniClipBoard\Sources\UI\ListWidget\container.cpp,Container::removeWidget(AbstractListedWidget *widget),14,12,10,4,2,0,0,0,
E:\Users\Gregoire.PC-GREGOIRE\Documents\Programmation\Qt\MiniClipBoard\Sources\UI\ListWidget\container.cpp,Container::clear(),10,9,7,2,1,0,0,0,
E:\Users\Gregoire.PC-GREGOIRE\Documents\Programmation\Qt\MiniClipBoard\Sources\UI\ListWidget\container.cpp,Container::updateShadow(),21,14,9,1,3,0,4,9,
E:\Users\Gregoire.PC-GREGOIRE\Documents\Programmation\Qt\MiniClipBoard\Sources\UI\ListWidget\container.cpp,Container::resizeEvent(QResizeEvent *event),3,3,3,0,0,0,0,0,
E:\Users\Gregoire.PC-GREGOIRE\Documents\Programmation\Qt\MiniClipBoard\Sources\UI\ListWidget\container.cpp,Container::widgets() const,2,2,2,1,0,0,0,0,
E:\Users\Gregoire.PC-GREGOIRE\Documents\Programmation\Qt\MiniClipBoard\Sources\UI\LoaderScreen\loaderscreen.cpp,LoaderScreen::LoaderScreen(QWidget *parent),2,1,1,0,1,0,0,0,
E:\Users\Gregoire.PC-GREGOIRE\Documents\Programmation\Qt\MiniClipBoard\Sources\UI\LoaderScreen\loaderscreen.cpp,LoaderScreen::reveal(),13,10,10,0,3,0,0,0,
E:\Users\Gregoire.PC-GREGOIRE\Documents\Programmation\Qt\MiniClipBoard\Sources\UI\LoaderScreen\loaderscreen.cpp,LoaderScreen::disappear(),14,12,12,0,2,0,0,0,
E:\Users\Gregoire.PC-GREGOIRE\Documents\Programmation\Qt\MiniClipBoard\Sources\UI\LoaderScreen\loaderscreen.cpp,LoaderScreen::paintEvent(QPaintEvent *event),9,6,5,0,3,0,0,0,
E:\Users\Gregoire.PC-GREGOIRE\Documents\Programmation\Qt\MiniClipBoard\Sources\UI\MainWindow\mainwindow.cpp,MainWindow::MainWindow(QWidget *parent),72,46,44,2,20,0,6,20,
E:\Users\Gregoire.PC-GREGOIRE\Documents\Programmation\Qt\MiniClipBoard\Sources\UI\MainWindow\mainwindow.cpp,MainWindow::~MainWindow(),6,6,5,1,0,0,0,0,
E:\Users\Gregoire.PC-GREGOIRE\Documents\Programmation\Qt\MiniClipBoard\Sources\UI\MainWindow\mainwindow.cpp,MainWindow::initHotkeys(),13,11,10,1,2,0,0,0,
E:\Users\Gregoire.PC-GREGOIRE\Documents\Programmation\Qt\MiniClipBoard\Sources\UI\MainWindow\mainwindow.cpp,MainWindow::initDialogs(),15,14,14,0,1,0,0,0,
E:\Users\Gregoire.PC-GREGOIRE\Documents\Programmation\Qt\MiniClipBoard\Sources\UI\MainWindow\mainwindow.cpp,MainWindow::initCloud(),18,16,10,0,2,0,0,0,
E:\Users\Gregoire.PC-GREGOIRE\Documents\Programmation\Qt\MiniClipBoard\Sources\UI\MainWindow\mainwindow.cpp,MainWindow::initBookmarksDir(),6,5,4,1,1,0,0,0,
E:\Users\Gregoire.PC-GREGOIRE\Documents\Programmation\Qt\MiniClipBoard\Sources\UI\MainWindow\mainwindow.cpp,MainWindow::triggerTimeOut(),12,10,8,2,2,0,0,0,
E:\Users\Gregoire.PC-GREGOIRE\Documents\Programmation\Qt\MiniClipBoard\Sources\UI\MainWindow\mainwindow.cpp,MainWindow::dataChanged(),22,17,12,4,5,0,0,0,
E:\Users\Gregoire.PC-GREGOIRE\Documents\Programmation\Qt\MiniClipBoard\Sources\UI\MainWindow\mainwindow.cpp,"MainWindow::newData(const QMimeData *data, Core::DataOrigin origin)",27,19,15,4,8,0,0,0,
E:\Users\Gregoire.PC-GREGOIRE\Documents\Programmation\Qt\MiniClipBoard\Sources\UI\MainWindow\mainwindow.cpp,MainWindow::showTooltipWindow(const Core::ClipboardData &data),32,25,20,5,7,0,0,0,
E:\Users\Gregoire.PC-GREGOIRE\Documents\Programmation\Qt\MiniClipBoard\Sources\UI\MainWindow\mainwindow.cpp,MainWindow::ignoreNextCopy(),2,2,2,0,0,0,0,0,
E:\Users\Gregoire.PC-GREGOIRE\Documents\Programmation\Qt\MiniClipBoard\Sources\UI\MainWindow\mainwindow.cpp,MainWindow::clearClipBoard(),5,5,4,1,0,0,0,0,
E:\Users\Gregoire.PC-GREGOIRE\Documents\Programmation\Qt\MiniClipBoard\Sources\UI\MainWindow\mainwindow.cpp,MainWindow::seeContent(DataWidget *widget),24,22,21,1,2,0,0,0,
E:\Users\Gregoire.PC-GREGOIRE\Documents\Programmation\Qt\MiniClipBoard\Sources\UI\MainWindow\mainwindow.cpp,MainWindow::showWelcomeScreen(),6,6,6,0,0,0,0,0,
E:\Users\Gregoire.PC-GREGOIRE\Documents\Programmation\Qt\MiniClipBoard\Sources\UI\MainWindow\mainwindow.cpp,"MainWindow::updateProgressUpdater(qint64 current, qint64 max, bool draw)",3,3,3,0,0,0,0,0,
E:\Users\Gregoire.PC-GREGOIRE\Documents\Programmation\Qt\MiniClipBoard\Sources\UI\MainWindow\mainwindow.cpp,MainWindow::bubbleSearchRequested(const QString &text),5,5,5,0,0,0,0,0,
E:\Users\Gregoire.PC-GREGOIRE\Documents\Programmation\Qt\MiniClipBoard\Sources\UI\MainWindow\mainwindow.cpp,MainWindow::settingsManager() const,2,2,2,1,0,0,0,0,
E:\Users\Gregoire.PC-GREGOIRE\Documents\Programmation\Qt\MiniClipBoard\Sources\UI\MainWindow\mainwindow.cpp,MainWindow::setSettingsManager(SettingsManager *settingsManager),7,5,5,0,2,0,0,0,
E:\Users\Gregoire.PC-GREGOIRE\Documents\Programmation\Qt\MiniClipBoard\Sources\UI\MainWindow\mainwindow.cpp,MainWindow::isPreviousDataTheSame(const QMimeData *mime),10,9,8,3,1,0,0,0,
E:\Users\Gregoire.PC-GREGOIRE\Documents\Programmation\Qt\MiniClipBoard\Sources\UI\MainWindow\mainwindow.cpp,MainWindow::loadBookmarks(),11,9,9,0,2,0,0,0,
E:\Users\Gregoire.PC-GREGOIRE\Documents\Programmation\Qt\MiniClipBoard\Sources\UI\MainWindow\mainwindow.cpp,MainWindow::displayBookmarks(),28,20,16,2,8,0,0,0,
E:\Users\Gregoire.PC-GREGOIRE\Documents\Programmation\Qt\MiniClipBoard\Sources\UI\MainWindow\mainwindow.cpp,MainWindow::updateDataCount(),8,8,7,1,0,0,0,0,
E:\Users\Gregoire.PC-GREGOIRE\Documents\Programmation\Qt\MiniClipBoard\Sources\UI\MainWindow\mainwindow.cpp,MainWindow::applySettings(),13,10,8,2,3,0,0,0,
E:\Users\Gregoire.PC-GREGOIRE\Documents\Programmation\Qt\MiniClipBoard\Sources\UI\MainWindow\mainwindow.cpp,MainWindow::updateShowThumbnails(),11,9,7,2,2,0,0,0,
E:\Users\Gregoire.PC-GREGOIRE\Documents\Programmation\Qt\MiniClipBoard\Sources\UI\MainWindow\mainwindow.cpp,MainWindow::dragEnterEvent(QDragEnterEvent *event),4,3,3,0,1,0,0,0,
E:\Users\Gregoire.PC-GREGOIRE\Documents\Programmation\Qt\MiniClipBoard\Sources\UI\MainWindow\mainwindow.cpp,MainWindow::dragLeaveEvent(QDragLeaveEvent *event),4,3,3,0,1,0,0,0,
E:\Users\Gregoire.PC-GREGOIRE\Documents\Programmation\Qt\MiniClipBoard\Sources\UI\MainWindow\mainwindow.cpp,MainWindow::dropEvent(QDropEvent *event),6,4,4,0,2,0,0,0,
E:\Users\Gregoire.PC-GREGOIRE\Documents\Programmation\Qt\MiniClipBoard\Sources\UI\MainWindow\titlebar.cpp,TitleBar::TitleBar(QWidget *parent),4,3,3,0,1,0,0,0,
E:\Users\Gregoire.PC-GREGOIRE\Documents\Programmation\Qt\MiniClipBoard\Sources\UI\MainWindow\titlebar.cpp,TitleBar::windowAnchored() const,2,2,2,1,0,0,0,0,
E:\Users\Gregoire.PC-GREGOIRE\Documents\Programmation\Qt\MiniClipBoard\Sources\UI\MainWindow\titlebar.cpp,TitleBar::setWindowAnchored(bool windowAnchored),12,10,9,1,2,0,0,0,
E:\Users\Gregoire.PC-GREGOIRE\Documents\Programmation\Qt\MiniClipBoard\Sources\UI\MainWindow\titlebar.cpp,TitleBar::mouseMove(const QPoint &point),6,5,4,1,1,0,0,0,
E:\Users\Gregoire.PC-GREGOIRE\Documents\Programmation\Qt\MiniClipBoard\Sources\UI\MainWindow\titlebar.cpp,TitleBar::paintEvent(QPaintEvent *event),23,16,14,1,5,1,2,25,
E:\Users\Gregoire.PC-GREGOIRE\Documents\Programmation\Qt\MiniClipBoard\Sources\UI\MainWindow\titlebar.cpp,TitleBar::mousePressEvent(QMouseEvent *event),9,7,5,1,2,0,0,0,
E:\Users\Gregoire.PC-GREGOIRE\Documents\Programmation\Qt\MiniClipBoard\Sources\UI\MainWindow\titlebar.cpp,TitleBar::mouseReleaseEvent(QMouseEvent *event),7,6,4,1,1,0,0,0,
E:\Users\Gregoire.PC-GREGOIRE\Documents\Programmation\Qt\MiniClipBoard\Sources\UI\MainWindow\titlebar.cpp,"TitleBar::eventFilter(QObject *watched, QEvent *event)",8,6,4,2,2,0,0,0,
E:\Users\Gregoire.PC-GREGOIRE\Documents\Programmation\Qt\MiniClipBoard\Sources\UI\MainWindow\underlyingwindow.cpp,UnderlyingWindow::UnderlyingWindow(QWidget *parent),20,16,16,0,4,0,0,0,
E:\Users\Gregoire.PC-GREGOIRE\Documents\Programmation\Qt\MiniClipBoard\Sources\UI\MainWindow\underlyingwindow.cpp,UnderlyingWindow::setCentralWidget(QWidget *widget),6,5,4,1,1,0,0,0,
E:\Users\Gregoire.PC-GREGOIRE\Documents\Programmation\Qt\MiniClipBoard\Sources\UI\MainWindow\underlyingwindow.cpp,UnderlyingWindow::titleBar() const,2,2,2,1,0,0,0,0,
E:\Users\Gregoire.PC-GREGOIRE\Documents\Programmation\Qt\MiniClipBoard\Sources\UI\MainWindow\underlyingwindow.cpp,UnderlyingWindow::addView(QWidget *view),4,3,3,0,1,0,0,0,
E:\Users\Gregoire.PC-GREGOIRE\Documents\Programmation\Qt\MiniClipBoard\Sources\UI\MainWindow\underlyingwindow.cpp,UnderlyingWindow::removeView(QWidget *view),6,5,4,1,1,0,0,0,
E:\Users\Gregoire.PC-GREGOIRE\Documents\Programmation\Qt\MiniClipBoard\Sources\UI\MainWindow\underlyingwindow.cpp,"UnderlyingWindow::replaceView(QWidget *newView, QWidget *oldView)",5,4,4,0,1,0,0,0,
E:\Users\Gregoire.PC-GREGOIRE\Documents\Programmation\Qt\MiniClipBoard\Sources\UI\MainWindow\underlyingwindow.cpp,UnderlyingWindow::fitContent(),13,13,9,4,0,0,0,0,
E:\Users\Gregoire.PC-GREGOIRE\Documents\Programmation\Qt\MiniClipBoard\Sources\UI\MainWindow\underlyingwindow.cpp,UnderlyingWindow::resizeEvent(QResizeEvent *event),4,3,2,0,1,0,0,0,
E:\Users\Gregoire.PC-GREGOIRE\Documents\Programmation\Qt\MiniClipBoard\Sources\UI\NavTab\navtab.cpp,NavTab::NavTab(QWidget *parent),15,11,11,0,4,0,0,0,
E:\Users\Gregoire.PC-GREGOIRE\Documents\Programmation\Qt\MiniClipBoard\Sources\UI\NavTab\navtab.cpp,"NavTab::addTab(const QIcon &normalIcon, const QIcon &highlightedIcon, const QString &tooltipText, QWidget *widget)",2,2,2,0,0,0,0,0,
E:\Users\Gregoire.PC-GREGOIRE\Documents\Programmation\Qt\MiniClipBoard\Sources\UI\NavTab\navtab.cpp,"NavTab::addTab(const QIcon &normalIcon, const QIcon &highlightedIcon, QWidget *widget)",2,2,2,0,0,0,0,0,
E:\Users\Gregoire.PC-GREGOIRE\Documents\Programmation\Qt\MiniClipBoard\Sources\UI\NavTab\navtab.cpp,"NavTab::addButton(const QIcon &normalIcon, const QIcon &highlightedIcon, QWidget *widget)",20,14,14,1,6,0,0,0,
E:\Users\Gregoire.PC-GREGOIRE\Documents\Programmation\Qt\MiniClipBoard\Sources\UI\NavTab\navtab.cpp,NavTab::select(int index),14,10,8,2,4,0,0,0,
E:\Users\Gregoire.PC-GREGOIRE\Documents\Programmation\Qt\MiniClipBoard\Sources\UI\NavTab\tabbutton.cpp,TabButton::TabButton(QWidget *parent),9,8,8,0,1,0,0,0,
E:\Users\Gregoire.PC-GREGOIRE\Documents\Programmation\Qt\MiniClipBoard\Sources\UI\NavTab\tabbutton.cpp,TabButton::index() const,2,2,2,1,0,0,0,0,
E:\Users\Gregoire.PC-GREGOIRE\Documents\Programmation\Qt\MiniClipBoard\Sources\UI\NavTab\tabbutton.cpp,TabButton::setIndex(int index),4,3,3,0,1,0,0,0,
E:\Users\Gregoire.PC-GREGOIRE\Documents\Programmation\Qt\MiniClipBoard\Sources\UI\NavTab\tabbutton.cpp,TabButton::fade() const,2,2,2,1,0,0,0,0,
E:\Users\Gregoire.PC-GREGOIRE\Documents\Programmation\Qt\MiniClipBoard\Sources\UI\NavTab\tabbutton.cpp,TabButton::setFade(int fade),4,3,3,0,1,0,0,0,
E:\Users\Gregoire.PC-GREGOIRE\Documents\Programmation\Qt\MiniClipBoard\Sources\UI\NavTab\tabbutton.cpp,TabButton::setIconNormal(const QIcon &icon),2,2,2,0,0,0,0,0,
E:\Users\Gregoire.PC-GREGOIRE\Documents\Programmation\Qt\MiniClipBoard\Sources\UI\NavTab\tabbutton.cpp,TabButton::setIconHighlighted(const QIcon &icon),2,2,2,0,0,0,0,0,
E:\Users\Gregoire.PC-GREGOIRE\Documents\Programmation\Qt\MiniClipBoard\Sources\UI\NavTab\tabbutton.cpp,TabButton::mousePressEvent(QMouseEvent *event),8,6,5,1,2,0,0,0,
E:\Users\Gregoire.PC-GREGOIRE\Documents\Programmation\Qt\MiniClipBoard\Sources\UI\NavTab\tabbutton.cpp,TabButton::mouseReleaseEvent(QMouseEvent *event),8,6,5,1,2,0,0,0,
E:\Users\Gregoire.PC-GREGOIRE\Documents\Programmation\Qt\MiniClipBoard\Sources\UI\NavTab\tabbutton.cpp,TabButton::selected() const,2,2,2,1,0,0,0,0,
E:\Users\Gregoire.PC-GREGOIRE\Documents\Programmation\Qt\MiniClipBoard\Sources\UI\NavTab\tabbutton.cpp,TabButton::setSelected(bool selected),10,8,7,1,2,0,0,0,
E:\Users\Gregoire.PC-GREGOIRE\Documents\Programmation\Qt\MiniClipBoard\Sources\UI\NavTab\tabbutton.cpp,"TabButton::setSelected(bool selected, bool animated)",15,13,11,2,2,0,0,0,
E:\Users\Gregoire.PC-GREGOIRE\Documents\Programmation\Qt\MiniClipBoard\Sources\UI\NavTab\tabbutton.cpp,TabButton::paintEvent(QPaintEvent *event),19,14,10,1,5,0,0,0,
E:\Users\Gregoire.PC-GREGOIRE\Documents\Programmation\Qt\MiniClipBoard\Sources\UI\NavTab\tabbutton.cpp,TabButton::putIcon(),6,6,5,1,0,0,0,0,
E:\Users\Gregoire.PC-GREGOIRE\Documents\Programmation\Qt\MiniClipBoard\Sources\UI\NavTab\tabbutton.cpp,TabButton::fadeIn(int duration),8,7,7,0,1,0,0,0,
E:\Users\Gregoire.PC-GREGOIRE\Documents\Programmation\Qt\MiniClipBoard\Sources\UI\NavTab\tabbutton.cpp,TabButton::fadeOut(int duration),8,7,7,0,1,0,0,0,
E:\Users\Gregoire.PC-GREGOIRE\Documents\Programmation\Qt\MiniClipBoard\Sources\UI\PopupWindow\popupwindow.cpp,PopupWindow::PopupWindow(QWidget *parent),31,22,22,0,6,0,3,5,
E:\Users\Gregoire.PC-GREGOIRE\Documents\Programmation\Qt\MiniClipBoard\Sources\UI\PopupWindow\popupwindow.cpp,PopupWindow::~PopupWindow(),2,1,1,0,1,0,0,0,
E:\Users\Gregoire.PC-GREGOIRE\Documents\Programmation\Qt\MiniClipBoard\Sources\UI\PopupWindow\popupwindow.cpp,PopupWindow::toggleWindow(),7,6,6,0,1,0,0,0,
E:\Users\Gregoire.PC-GREGOIRE\Documents\Programmation\Qt\MiniClipBoard\Sources\UI\PopupWindow\popupwindow.cpp,PopupWindow::setTrayIcon(const QIcon &icon),3,3,3,0,0,0,0,0,
E:\Users\Gregoire.PC-GREGOIRE\Documents\Programmation\Qt\MiniClipBoard\Sources\UI\PopupWindow\popupwindow.cpp,PopupWindow::notify(),14,12,11,1,2,0,0,0,
E:\Users\Gregoire.PC-GREGOIRE\Documents\Programmation\Qt\MiniClipBoard\Sources\UI\PopupWindow\popupwindow.cpp,PopupWindow::notifyOpacity() const,2,2,2,1,0,0,0,0,
E:\Users\Gregoire.PC-GREGOIRE\Documents\Programmation\Qt\MiniClipBoard\Sources\UI\PopupWindow\popupwindow.cpp,PopupWindow::setNotifyOpacity(float notifyOpacity),14,10,10,0,4,0,0,0,
E:\Users\Gregoire.PC-GREGOIRE\Documents\Programmation\Qt\MiniClipBoard\Sources\UI\PopupWindow\popupwindow.cpp,PopupWindow::iconMask() const,2,2,2,1,0,0,0,0,
E:\Users\Gregoire.PC-GREGOIRE\Documents\Programmation\Qt\MiniClipBoard\Sources\UI\PopupWindow\popupwindow.cpp,PopupWindow::setIconMask(QBitmap iconMask),2,2,2,0,0,0,0,0,
E:\Users\Gregoire.PC-GREGOIRE\Documents\Programmation\Qt\MiniClipBoard\Sources\UI\PopupWindow\popupwindow.cpp,PopupWindow::updateSizePos(const QSize &_size),6,6,5,1,0,0,0,0,
E:\Users\Gregoire.PC-GREGOIRE\Documents\Programmation\Qt\MiniClipBoard\Sources\UI\PopupWindow\popupwindow.cpp,PopupWindow::updateSizePosAnchored(const QSize &_size),24,20,19,1,2,0,2,8,
E:\Users\Gregoire.PC-GREGOIRE\Documents\Programmation\Qt\MiniClipBoard\Sources\UI\PopupWindow\popupwindow.cpp,PopupWindow::updateSizePosFloating(const QSize &_size),13,13,12,1,0,0,0,0,
E:\Users\Gregoire.PC-GREGOIRE\Documents\Programmation\Qt\MiniClipBoard\Sources\UI\PopupWindow\popupwindow.cpp,"PopupWindow::setTrayProgress(int current, int max)",5,4,4,0,1,0,0,0,
E:\Users\Gregoire.PC-GREGOIRE\Documents\Programmation\Qt\MiniClipBoard\Sources\UI\PopupWindow\popupwindow.cpp,PopupWindow::getAnchored() const,2,2,2,1,0,0,0,0,
E:\Users\Gregoire.PC-GREGOIRE\Documents\Programmation\Qt\MiniClipBoard\Sources\UI\PopupWindow\popupwindow.cpp,PopupWindow::setAnchored(bool _anchored),12,8,7,1,4,0,0,0,
E:\Users\Gregoire.PC-GREGOIRE\Documents\Programmation\Qt\MiniClipBoard\Sources\UI\PopupWindow\popupwindow.cpp,PopupWindow::getDrawProgress() const,2,2,2,1,0,0,0,0,
E:\Users\Gregoire.PC-GREGOIRE\Documents\Programmation\Qt\MiniClipBoard\Sources\UI\PopupWindow\popupwindow.cpp,PopupWindow::setDrawTrayProgress(bool _drawProgress),4,3,3,0,1,0,0,0,
E:\Users\Gregoire.PC-GREGOIRE\Documents\Programmation\Qt\MiniClipBoard\Sources\UI\PopupWindow\popupwindow.cpp,PopupWindow::getEdgeFromMousePos(const QPoint &mousePos),26,25,20,10,1,0,0,0,
E:\Users\Gregoire.PC-GREGOIRE\Documents\Programmation\Qt\MiniClipBoard\Sources\UI\PopupWindow\popupwindow.cpp,PopupWindow::mouseMove(const QPoint &point),170,170,157,13,0,0,0,0,
E:\Users\Gregoire.PC-GREGOIRE\Documents\Programmation\Qt\MiniClipBoard\Sources\UI\PopupWindow\popupwindow.cpp,PopupWindow::mousePressed(const QPoint point),7,7,6,1,0,0,0,0,
E:\Users\Gregoire.PC-GREGOIRE\Documents\Programmation\Qt\MiniClipBoard\Sources\UI\PopupWindow\popupwindow.cpp,PopupWindow::drawProgress(),30,20,18,1,10,0,0,0,
E:\Users\Gregoire.PC-GREGOIRE\Documents\Programmation\Qt\MiniClipBoard\Sources\UI\PopupWindow\popupwindow.cpp,PopupWindow::slideToCenter(),6,4,4,0,2,0,0,0,
E:\Users\Gregoire.PC-GREGOIRE\Documents\Programmation\Qt\MiniClipBoard\Sources\UI\PopupWindow\popupwindow.cpp,PopupWindow::tray() const,2,2,2,1,0,0,0,0,
E:\Users\Gregoire.PC-GREGOIRE\Documents\Programmation\Qt\MiniClipBoard\Sources\UI\PopupWindow\popupwindow.cpp,PopupWindow::centralWidget() const,2,2,2,1,0,0,0,0,
E:\Users\Gregoire.PC-GREGOIRE\Documents\Programmation\Qt\MiniClipBoard\Sources\UI\PopupWindow\popupwindow.cpp,PopupWindow::setCentralWidget(QWidget *widget),2,2,2,0,0,0,0,0,
E:\Users\Gregoire.PC-GREGOIRE\Documents\Programmation\Qt\MiniClipBoard\Sources\UI\PopupWindow\popupwindow.cpp,PopupWindow::paintEvent(QPaintEvent *event),17,12,10,1,5,0,0,0,
E:\Users\Gregoire.PC-GREGOIRE\Documents\Programmation\Qt\MiniClipBoard\Sources\UI\PopupWindow\popupwindow.cpp,"PopupWindow::eventFilter(QObject *obj, QEvent *event)",12,10,8,2,2,0,0,0,
E:\Users\Gregoire.PC-GREGOIRE\Documents\Programmation\Qt\MiniClipBoard\Sources\UI\PopupWindow\popupwindow.cpp,PopupWindow::updateMask(),12,8,8,0,4,0,0,0,
E:\Users\Gregoire.PC-GREGOIRE\Documents\Programmation\Qt\MiniClipBoard\Sources\UI\PopupWindow\tray.cpp,Tray::Tray(QWidget *parent),21,17,17,0,4,1,0,2,
E:\Users\Gregoire.PC-GREGOIRE\Documents\Programmation\Qt\MiniClipBoard\Sources\UI\PopupWindow\tray.cpp,Tray::trayActivated(QSystemTrayIcon::ActivationReason reason),8,8,5,3,0,0,0,0,
E:\Users\Gregoire.PC-GREGOIRE\Documents\Programmation\Qt\MiniClipBoard\Sources\UI\PopupWindow\tray.cpp,Tray::pause(),10,8,7,1,2,0,0,0,
E:\Users\Gregoire.PC-GREGOIRE\Documents\Programmation\Qt\MiniClipBoard\Sources\UI\PopupWindow\tray.cpp,Tray::toggleAnchor(),12,10,9,1,2,0,0,0,
E:\Users\Gregoire.PC-GREGOIRE\Documents\Programmation\Qt\MiniClipBoard\Sources\UI\PopupWindow\tray.cpp,Tray::anchored() const,2,2,2,1,0,0,0,0,
E:\Users\Gregoire.PC-GREGOIRE\Documents\Programmation\Qt\MiniClipBoard\Sources\UI\PopupWindow\tray.cpp,Tray::paused() const,2,2,2,1,0,0,0,0,
E:\Users\Gregoire.PC-GREGOIRE\Documents\Programmation\Qt\MiniClipBoard\Sources\UI\SearchBox\searchbox.cpp,SearchBox::SearchBox(QWidget *parent),52,44,29,1,8,0,0,0,
E:\Users\Gregoire.PC-GREGOIRE\Documents\Programmation\Qt\MiniClipBoard\Sources\UI\SearchBox\searchbox.cpp,SearchBox::getFilter(),2,2,2,1,0,0,0,0,
E:\Users\Gregoire.PC-GREGOIRE\Documents\Programmation\Qt\MiniClipBoard\Sources\UI\SearchBox\searchbox.cpp,SearchBox::buildMenu(),105,77,71,6,28,0,0,0,
E:\Users\Gregoire.PC-GREGOIRE\Documents\Programmation\Qt\MiniClipBoard\Sources\UI\SearchBox\searchbox.cpp,SearchBox::setText(const QString &text),2,2,2,0,0,0,0,0,
E:\Users\Gregoire.PC-GREGOIRE\Documents\Programmation\Qt\MiniClipBoard\Sources\UI\SearchBox\searchbox.cpp,SearchBox::getTopCrop() const,2,2,2,1,0,0,0,0,
E:\Users\Gregoire.PC-GREGOIRE\Documents\Programmation\Qt\MiniClipBoard\Sources\UI\SearchBox\searchbox.cpp,SearchBox::setTopCrop(int topCrop),6,5,4,1,1,0,0,0,
E:\Users\Gregoire.PC-GREGOIRE\Documents\Programmation\Qt\MiniClipBoard\Sources\UI\SearchBox\searchbox.cpp,SearchBox::paintEvent(QPaintEvent *event),29,16,12,0,9,0,4,39,
E:\Users\Gregoire.PC-GREGOIRE\Documents\Programmation\Qt\MiniClipBoard\Sources\UI\SearchBox\DateTimePicker\datetimepicker.cpp,DateTimePicker::DateTimePicker(QWidget *parent),32,25,25,0,7,0,0,0,
E:\Users\Gregoire.PC-GREGOIRE\Documents\Programmation\Qt\MiniClipBoard\Sources\UI\SearchBox\DateTimePicker\datetimepicker.cpp,DateTimePicker::getDateTimeFilter(),2,2,2,1,0,0,0,0,
E:\Users\Gregoire.PC-GREGOIRE\Documents\Programmation\Qt\MiniClipBoard\Sources\UI\SearchBox\DateTimePicker\datetimepicker.cpp,DateTimePicker::updateMode(int index),28,27,21,6,1,0,0,0,
E:\Users\Gregoire.PC-GREGOIRE\Documents\Programmation\Qt\MiniClipBoard\Sources\UI\SearchBox\DateTimePicker\datetimepicker.cpp,DateTimePicker::updateDateTimeFilter(),2,2,2,0,0,0,0,0,
E:\Users\Gregoire.PC-GREGOIRE\Documents\Programmation\Qt\MiniClipBoard\Sources\UI\Settings\aboutdialog.cpp,AboutDialog::AboutDialog(QWidget *parent),25,18,18,0,7,0,0,0,
E:\Users\Gregoire.PC-GREGOIRE\Documents\Programmation\Qt\MiniClipBoard\Sources\UI\Settings\cloudcredentialsdialog.cpp,CloudCredentialsDialog::CloudCredentialsDialog(QWidget *parent),53,42,36,1,11,0,0,0,
E:\Users\Gregoire.PC-GREGOIRE\Documents\Programmation\Qt\MiniClipBoard\Sources\UI\Settings\cloudcredentialsdialog.cpp,CloudCredentialsDialog::savePastebinKey(),6,5,3,0,1,0,0,0,
E:\Users\Gregoire.PC-GREGOIRE\Documents\Programmation\Qt\MiniClipBoard\Sources\UI\Settings\cloudcredentialsdialog.cpp,CloudCredentialsDialog::init(),2,2,2,0,0,0,0,0,
E:\Users\Gregoire.PC-GREGOIRE\Documents\Programmation\Qt\MiniClipBoard\Sources\UI\Settings\creditsdialog.cpp,CreditsDialog::CreditsDialog(QWidget *parent),23,16,16,0,7,0,0,0,
E:\Users\Gregoire.PC-GREGOIRE\Documents\Programmation\Qt\MiniClipBoard\Sources\UI\Settings\hotkeysdialog.cpp,"HotKeysDialog::HotKeysDialog(HotKeysManager *manager, QWidget *parent)",25,18,18,0,7,0,0,0,
E:\Users\Gregoire.PC-GREGOIRE\Documents\Programmation\Qt\MiniClipBoard\Sources\UI\Settings\hotkeysdialog.cpp,HotKeysDialog::changeSequences(),14,12,11,0,2,0,0,0,
E:\Users\Gregoire.PC-GREGOIRE\Documents\Programmation\Qt\MiniClipBoard\Sources\UI\Settings\hotkeysdialog.cpp,HotKeysDialog::init(),5,5,5,0,0,0,0,0,
E:\Users\Gregoire.PC-GREGOIRE\Documents\Programmation\Qt\MiniClipBoard\Sources\UI\Settings\moreoptionsdialog.cpp,"MoreOptionsDialog::MoreOptionsDialog(SettingsManager *settingsMgr, ExcludedProcessesManager *excludedProcMgr, QWidget *parent)",73,54,52,2,19,0,0,0,
E:\Users\Gregoire.PC-GREGOIRE\Documents\Programmation\Qt\MiniClipBoard\Sources\UI\Settings\moreoptionsdialog.cpp,MoreOptionsDialog::loadSettings(),10,9,8,1,1,0,0,0,
E:\Users\Gregoire.PC-GREGOIRE\Documents\Programmation\Qt\MiniClipBoard\Sources\UI\Settings\moreoptionsdialog.cpp,MoreOptionsDialog::loadExcludedProcesses(),7,6,6,0,1,0,0,0,
E:\Users\Gregoire.PC-GREGOIRE\Documents\Programmation\Qt\MiniClipBoard\Sources\UI\Settings\moreoptionsdialog.cpp,MoreOptionsDialog::updateExcludedProcessesList(),3,3,3,0,0,0,0,0,
E:\Users\Gregoire.PC-GREGOIRE\Documents\Programmation\Qt\MiniClipBoard\Sources\UI\Settings\moreoptionsdialog.cpp,MoreOptionsDialog::addPath(const QString &path),34,31,28,3,3,0,0,0,
E:\Users\Gregoire.PC-GREGOIRE\Documents\Programmation\Qt\MiniClipBoard\Sources\UI\Settings\settingsdialog.cpp,"SettingsDialog::SettingsDialog(SettingsManager *settingsManager, BookmarkManager *bookmarkManager, HotKeysManager *hotKeysManager, QWidget *parent)",189,140,137,0,48,0,1,1,
E:\Users\Gregoire.PC-GREGOIRE\Documents\Programmation\Qt\MiniClipBoard\Sources\UI\Settings\settingsdialog.cpp,SettingsDialog::initUISettings(),17,14,12,2,3,0,0,0,
E:\Users\Gregoire.PC-GREGOIRE\Documents\Programmation\Qt\MiniClipBoard\Sources\UI\Settings\settingsdialog.cpp,SettingsDialog::saveSettings(),20,15,13,2,5,0,0,0,
E:\Users\Gregoire.PC-GREGOIRE\Documents\Programmation\Qt\MiniClipBoard\Sources\UI\Settings\settingsdialog.cpp,SettingsDialog::showAppInfos(),6,5,5,0,1,0,0,0,
E:\Users\Gregoire.PC-GREGOIRE\Documents\Programmation\Qt\MiniClipBoard\Sources\UI\Settings\settingsdialog.cpp,SettingsDialog::manager() const,2,2,2,1,0,0,0,0,
E:\Users\Gregoire.PC-GREGOIRE\Documents\Programmation\Qt\MiniClipBoard\Sources\UI\Settings\settingsdialog.cpp,SettingsDialog::setManager(SettingsManager *manager),2,2,2,0,0,0,0,0,
E:\Users\Gregoire.PC-GREGOIRE\Documents\Programmation\Qt\MiniClipBoard\Sources\UI\Settings\settingsdialog.cpp,SettingsDialog::settingsUIChanged(),9,8,8,0,1,0,0,0,
E:\Users\Gregoire.PC-GREGOIRE\Documents\Programmation\Qt\MiniClipBoard\Sources\UI\Settings\settingsdialog.cpp,SettingsDialog::exportBookmarks(),10,8,5,1,2,0,0,0,
E:\Users\Gregoire.PC-GREGOIRE\Documents\Programmation\Qt\MiniClipBoard\Sources\UI\Settings\settingsdialog.cpp,SettingsDialog::importBookmarks(),10,8,5,1,2,0,0,0,
E:\Users\Gregoire.PC-GREGOIRE\Documents\Programmation\Qt\MiniClipBoard\Sources\UI\TooltipWindow\copytooltipwindow.cpp,"CopyTooltipWindow::CopyTooltipWindow(const Core::ClipboardData &data, QWidget *parent)",32,26,26,0,6,0,0,0,
E:\Users\Gregoire.PC-GREGOIRE\Documents\Programmation\Qt\MiniClipBoard\Sources\UI\UtilsUI\utilsui.cpp,UtilsUI::createSeparator(QFrame::Shape shape),9,8,8,1,1,0,0,0,
E:\Users\Gregoire.PC-GREGOIRE\Documents\Programmation\Qt\MiniClipBoard\Sources\UI\UtilsUI\utilsui.cpp,UtilsUI::applyStyleSheet(const QString &path),9,6,6,0,3,0,0,0,
E:\Users\Gregoire.PC-GREGOIRE\Documents\Programmation\Qt\MiniClipBoard\Sources\UI\UtilsUI\utilsui.cpp,"UtilsUI::applyStyleSheet(QWidget *widget, const QString &path)",9,6,6,0,3,0,0,0,
E:\Users\Gregoire.PC-GREGOIRE\Documents\Programmation\Qt\MiniClipBoard\Sources\UI\UtilsUI\utilsui.cpp,"UtilsUI::createWidgetActionSeparator(const QString &text, QWidget *parent)",9,7,7,1,2,0,0,0,
E:\Users\Gregoire.PC-GREGOIRE\Documents\Programmation\Qt\MiniClipBoard\Sources\UI\WelcomeScreen\welcomescreen.cpp,WelcomeScreen::WelcomeScreen(QWidget *parent),38,34,21,0,4,0,0,0,
E:\Users\Gregoire.PC-GREGOIRE\Documents\Programmation\Qt\MiniClipBoard\Sources\UI\WelcomeScreen\welcomescreen.cpp,WelcomeScreen::fadeOut(),11,11,11,0,0,0,0,0,
E:\Users\Gregoire.PC-GREGOIRE\Documents\Programmation\Qt\MiniClipBoard\Sources\UI\WelcomeScreen\welcomescreen.cpp,WelcomeScreen::paintEvent(QPaintEvent *event),8,5,4,0,3,0,0,0,
E:\Users\Gregoire.PC-GREGOIRE\Documents\Programmation\Qt\MiniClipBoard\Sources\Utils\mainutils.cpp,"MainUtils::translate(QApplication *a, const QString &lang)",11,9,5,1,2,0,0,0,
E:\Users\Gregoire.PC-GREGOIRE\Documents\Programmation\Qt\MiniClipBoard\Sources\Utils\mainutils.cpp,MainUtils::setAsUniqueProcess(QApplication &a),8,6,5,3,2,0,0,0,
E:\Users\Gregoire.PC-GREGOIRE\Documents\Programmation\Qt\MiniClipBoard\Sources\Utils\utils.cpp,"Utils::getPasswordAsMask(QString password, QString mask)",9,7,5,2,2,0,0,0,
E:\Users\Gregoire.PC-GREGOIRE\Documents\Programmation\Qt\MiniClipBoard\Sources\Utils\utils.cpp,Utils::legalText(),2,2,2,1,0,0,0,0,
E:\Users\Gregoire.PC-GREGOIRE\Documents\Programmation\Qt\MiniClipBoard\Sources\Utils\utils.cpp,Utils::legalTextHTML(),2,2,2,1,0,0,0,0,
E:\Users\Gregoire.PC-GREGOIRE\Documents\Programmation\Qt\MiniClipBoard\Sources\Utils\utils.cpp,Utils::infosText(),14,13,3,1,1,0,0,0,
E:\Users\Gregoire.PC-GREGOIRE\Documents\Programmation\Qt\MiniClipBoard\Sources\Utils\utils.cpp,Utils::loadText(const QString &path),9,6,6,1,3,0,0,0,
E:\Users\Gregoire.PC-GREGOIRE\Documents\Programmation\Qt\MiniClipBoard\Sources\Utils\utils.cpp,Utils::appVersion(),2,2,2,1,0,0,0,0,
E:\Users\Gregoire.PC-GREGOIRE\Documents\Programmation\Qt\MiniClipBoard\Sources\Utils\utils.cpp,Utils::getUserName(),8,6,5,2,2,0,0,0,
E:\Users\Gregoire.PC-GREGOIRE\Documents\Programmation\Qt\MiniClipBoard\Sources\Utils\utils.cpp,Utils::buildOS(),24,24,12,11,0,0,0,0,
E:\Users\Gregoire.PC-GREGOIRE\Documents\Programmation\Qt\MiniClipBoard\Sources\Utils\utils.cpp,Utils::executableFileSuffix(),6,5,4,3,1,0,0,0,
